,Compound Score,Date,Negative Score,Neutral Score,Positive Score,Screen Name,Tweet,Tweets Ago
0,0.0,2017-09-18 13:02:37+00:00,0.0,1.0,0.0,CNN,What are ‚Äòsponge cities‚Äô? They may just be China‚Äôs answer to flooding in urban areas https://t.co/Ko8OcUeNl8 https://t.co/kiR4du2oGy,1
1,0.2732,2017-09-18 12:58:06+00:00,0.0,0.909,0.091,CNN,"RT @cnni: Here‚Äôs a rare look at Mount Paektu, a site sacred to North Koreans, as well as their neighbors to the south https://t.co/lOErZdUW‚Ä¶",2
2,0.0,2017-09-18 12:50:05+00:00,0.0,1.0,0.0,CNN,"With the golf retweet, Trump blunders into the 'Streisand effect,' writes Kara Alaimo for @CNNopinion‚Ä¶ https://t.co/x2F8UHLU7U",3
3,-0.2263,2017-09-18 12:40:07+00:00,0.128,0.872,0.0,CNN,"In Bangladesh's overcrowded Rohingya refugee camps, supplies are limited and circumstances are dire‚Ä¶ https://t.co/IkFe7EvsL0",4
4,-0.6705,2017-09-18 12:37:08+00:00,0.244,0.756,0.0,CNN,"Both suspects in last week's London train attack were fostered by the same elderly couple, local officials say‚Ä¶ https://t.co/M0wIyoRLsK",5
5,0.6096,2017-09-18 12:30:07+00:00,0.0,0.801,0.199,CNN,Julia Louis-Dreyfus now holds the record for most #Emmys won by a single performer for one role‚Ä¶ https://t.co/rijWZpXpA0,6
6,0.0,2017-09-18 12:20:06+00:00,0.0,1.0,0.0,CNN,Neil deGrasse Tyson says it might be 'too late' to recover from climate change https://t.co/t3PDSk2ncG,7
7,0.0,2017-09-18 12:17:58+00:00,0.0,1.0,0.0,CNN,"White House lawyer overheard talking about colleagues &amp; Russia probe at DC steakhouse, according to NYTimes report‚Ä¶ https://t.co/tlNwffzQls",8
8,0.5719,2017-09-18 12:10:04+00:00,0.0,0.856,0.144,CNN,"Alec Baldwin wins again at the #Emmys -- this time, for his portrayal of Trump on the most recent season of ‚ÄúSNL""‚Ä¶ https://t.co/phc3WTybmZ",9
9,-0.296,2017-09-18 12:00:07+00:00,0.115,0.885,0.0,CNN,"Residents of the Lower Florida Keys have been returning home, more than a week after fleeing Hurricane Irma‚Ä¶ https://t.co/O3CyyApJmf",10
10,-0.6444,2017-09-18 11:50:06+00:00,0.324,0.676,0.0,CNN,More than 80 arrested in third night of St. Louis protests https://t.co/kqcqKhKtQF https://t.co/htEbqFkowU,11
11,-0.2023,2017-09-18 11:40:07+00:00,0.122,0.878,0.0,CNN,Donald Trump's unpresidential presidency keeps hitting new lows I Analysis by Chris Cillizza https://t.co/LKhDPyitop https://t.co/WAgV0avWSd,12
12,-0.34,2017-09-18 11:31:45+00:00,0.169,0.72,0.11,CNN,Hurricane Maria is expected to get stronger as it takes aim at the Caribbean islands devastated by Irma‚Ä¶ https://t.co/hpUogf9OgU,13
13,-0.296,2017-09-18 11:23:06+00:00,0.115,0.885,0.0,CNN,"Residents of the Lower Florida Keys have been returning home, more than a week after fleeing Hurricane Irma‚Ä¶ https://t.co/0pWMzyCt0g",14
14,0.0,2017-09-18 11:14:58+00:00,0.0,1.0,0.0,CNN,Why newsrooms must keep fact-checking Trump | Analysis by CNN's @brianstelter https://t.co/hBM7B5mqfa https://t.co/ucQFBA4xEz,15
15,-0.4767,2017-09-18 11:10:09+00:00,0.237,0.763,0.0,CNN,Woman arrested for vandalizing Wall Street's famed bull statue https://t.co/2lCRMYlVu3 https://t.co/c1kbPIZW6O,16
16,0.0,2017-09-18 10:58:50+00:00,0.0,1.0,0.0,CNN,"From Reese Witherspoon to Sterling K. Brown, here are some of the award-worthy speeches at the #Emmys‚Ä¶ https://t.co/fj3Bw4EfX8",17
17,0.5719,2017-09-18 10:48:34+00:00,0.0,0.856,0.144,CNN,"Alec Baldwin wins again at the #Emmys -- this time, for his portrayal of Trump on the most recent season of ‚ÄúSNL""‚Ä¶ https://t.co/g6s8fB31ue",18
18,0.681,2017-09-18 10:38:23+00:00,0.0,0.763,0.237,CNN,"Looking for a place where you can relax? These are the world's 10 least stressful cities, according to a new study‚Ä¶ https://t.co/iLyqsc1Zc5",19
19,-0.4939,2017-09-18 10:28:01+00:00,0.211,0.789,0.0,CNN,How altruism and selflessness helped Florida Keys survive Irma's darkest days https://t.co/VNe3YtOvYz https://t.co/dCikeq4rpV,20
20,0.0,2017-09-18 10:20:35+00:00,0.0,1.0,0.0,CNN,Neil deGrasse Tyson says it might be 'too late' to recover from climate change https://t.co/2MDKnlXPIq,21
21,0.6096,2017-09-18 10:08:37+00:00,0.0,0.801,0.199,CNN,Julia Louis-Dreyfus now holds the record for most #Emmys won by a single performer for one role‚Ä¶ https://t.co/6mdfJY3qfL,22
22,0.0,2017-09-18 10:03:46+00:00,0.0,1.0,0.0,CNN,"It takes 300 people, 12,000 parts and a year to make a single Steinway &amp; Sons piano. Here‚Äôs how the pianos are made‚Ä¶ https://t.co/WyekfJ2zxZ",23
23,0.8834,2017-09-18 09:49:44+00:00,0.0,0.623,0.377,CNN,"‚ÄúMaster of None's"" Lena Waithe becomes first black woman to win an #Emmy for outstanding writing for a comedy serie‚Ä¶ https://t.co/rfnZjVNHdQ",24
24,0.3182,2017-09-18 09:37:27+00:00,0.0,0.892,0.108,CNN,Hurricane Maria is forecast to rapidly strengthen over the next two days as it takes aim at Caribbean islands‚Ä¶ https://t.co/BfmNhhJZFr,25
25,-0.836,2017-09-18 09:25:17+00:00,0.56,0.44,0.0,CNN,Georgia Tech police fatally shoot student after knife confrontation https://t.co/2Dy3tvgRup,26
26,0.4767,2017-09-18 09:15:03+00:00,0.0,0.78,0.22,CNN,Here's the complete list of winners at the 2017 #Emmys https://t.co/KH4qPqmF6X https://t.co/nGdFByXhTr,27
27,-0.83,2017-09-18 09:11:05+00:00,0.327,0.673,0.0,CNN,More than 80 arrested in third night of St. Louis protests over acquittal of former police officer in fatal shootin‚Ä¶ https://t.co/gqGg7Q1qXf,28
28,0.0,2017-09-18 09:10:42+00:00,0.0,1.0,0.0,CNN,This company is turning football helmet design on its head https://t.co/9hEUiHColA https://t.co/LJiODbGJit,29
29,0.3182,2017-09-18 08:45:05+00:00,0.0,0.892,0.108,CNN,Hurricane Maria is forecast to rapidly strengthen over the next two days as it takes aim at Caribbean islands‚Ä¶ https://t.co/Pt7InUSjmh,30
30,0.0772,2017-09-18 08:30:14+00:00,0.0,0.86,0.14,CNN,Want a job as a NASA astronaut? Read this https://t.co/fVy7VH9zGd https://t.co/317OKtWr9M,31
31,0.5719,2017-09-18 08:15:05+00:00,0.0,0.856,0.144,CNN,"Alec Baldwin wins again at the #Emmys -- this time, for his portrayal of Trump on the most recent season of ‚ÄúSNL""‚Ä¶ https://t.co/ktCrEptHkH",32
32,0.2732,2017-09-18 08:03:41+00:00,0.0,0.9,0.1,CNN,"Here‚Äôs a rare look at Mount Paektu, a site sacred to North Koreans, as well as their neighbors to the south‚Ä¶ https://t.co/fo7DfA8WFD",33
33,0.0,2017-09-18 07:44:06+00:00,0.0,1.0,0.0,CNN,What are ‚Äòsponge cities‚Äô? They may just be China‚Äôs answer to flooding in urban areas https://t.co/T8cVmCod0m https://t.co/MDjtKiMqx1,34
34,0.681,2017-09-18 07:29:03+00:00,0.0,0.763,0.237,CNN,"Looking for a place where you can relax? These are the world's 10 least stressful cities, according to a new study‚Ä¶ https://t.co/fUZerPBtFa",35
35,-0.25,2017-09-18 07:19:02+00:00,0.133,0.867,0.0,CNN,Hillary Clinton rails on Facebook for its role in spreading Russian propaganda https://t.co/vWIelgcGxP https://t.co/UzxmzXIkOH,36
36,0.0,2017-09-18 07:10:43+00:00,0.0,1.0,0.0,CNN,We asked the stars at the #Emmys: What show are you binging right now? https://t.co/3TWD9DdsVI https://t.co/rAmHXLxDLl,37
37,0.0,2017-09-18 06:59:05+00:00,0.0,1.0,0.0,CNN,This company is turning football helmet design on its head https://t.co/sFrBH9vLPf https://t.co/4iRrbNOkDt,38
38,-0.6705,2017-09-18 06:49:05+00:00,0.256,0.744,0.0,CNN,7 arrested in connection with a fire at a school in Malaysia's capital that claimed the lives of 21 students‚Ä¶ https://t.co/vshCTbKycs,39
39,0.4767,2017-09-18 06:39:04+00:00,0.0,0.78,0.22,CNN,Here's the complete list of winners at the 2017 #Emmys https://t.co/Ku4R4pd3Qf https://t.co/hliio6Z65i,40
40,-0.836,2017-09-18 06:29:06+00:00,0.56,0.44,0.0,CNN,Georgia Tech police fatally shoot student after knife confrontation https://t.co/kgXGtBapz6,41
41,0.1779,2017-09-18 06:19:08+00:00,0.0,0.918,0.082,CNN,Hundreds of thousands of Rohingya fled to Bangladesh to escape bloodshed in Myanmar. These are some of their storie‚Ä¶ https://t.co/zmdteSPOee,42
42,-0.6249,2017-09-18 06:09:00+00:00,0.272,0.628,0.1,CNN,London commuters begin week with heavy security on transport routes after the #ParsonsGreen terror attack last week https://t.co/SYljWbVg3a,43
43,0.128,2017-09-18 05:55:05+00:00,0.0,0.914,0.086,CNN,"Opponents of Australian same-sex marriage launched their ""no"" campaign, taking their message to skies over Sydney‚Ä¶ https://t.co/SGaOuIuuqi",44
44,-0.128,2017-09-18 05:45:05+00:00,0.086,0.914,0.0,CNN,Iran and North Korea are expected to dominate US President Trump's first UN General Assembly https://t.co/MCWQridCoj https://t.co/7C9sKYU7t1,45
45,0.0,2017-09-18 05:37:18+00:00,0.0,1.0,0.0,CNN,"It takes 300 people, 12,000 parts and a year to make a single Steinway &amp; Sons piano. Here‚Äôs how the pianos are made‚Ä¶ https://t.co/drstsryRUg",46
46,0.2732,2017-09-18 05:25:06+00:00,0.0,0.87,0.13,CNN,Former White House press secretary Sean Spicer made a surprise cameo at the #Emmys https://t.co/xDylbGKbXX https://t.co/L7ntkZiYKq,47
47,-0.4767,2017-09-18 05:15:05+00:00,0.237,0.763,0.0,CNN,Woman arrested for vandalizing Wall Street's famed bull statue https://t.co/kdk4BaZJ4l https://t.co/G5bPIF3Mmu,48
48,0.0,2017-09-18 05:05:08+00:00,0.0,1.0,0.0,CNN,Neil deGrasse Tyson says it might be 'too late' to recover from climate change https://t.co/V54XSiRh3S,49
49,0.0,2017-09-18 04:55:05+00:00,0.0,1.0,0.0,CNN,"From Reese Witherspoon to Sterling K. Brown, here are some of the award-worthy speeches at the #Emmys‚Ä¶ https://t.co/D4Ugck75tb",50
50,0.3182,2017-09-18 04:45:04+00:00,0.0,0.892,0.108,CNN,Hurricane Maria is forecast to rapidly strengthen over the next two days as it takes aim at Caribbean islands‚Ä¶ https://t.co/pWPykAm0w4,51
51,-0.4939,2017-09-18 04:35:04+00:00,0.127,0.873,0.0,CNN,Here's a look at a US-unit in South Korea designed to limit the damage to Seoul from North Korea in the event of wa‚Ä¶ https://t.co/tmlz7mUJm8,52
52,0.2732,2017-09-18 04:26:19+00:00,0.0,0.9,0.1,CNN,"Here‚Äôs a rare look at Mount Paektu, a site sacred to North Koreans, as well as their neighbors to the south‚Ä¶ https://t.co/XtKfAaGbeZ",53
53,0.4215,2017-09-18 04:16:36+00:00,0.144,0.541,0.315,CNN,"When China's biggest companies host annual parties, some top executives like to steal the show‚Ä¶ https://t.co/DjGV6qpqsN",54
54,0.765,2017-09-18 04:00:06+00:00,0.0,0.732,0.268,CNN,Big wins for ‚ÄúVeep‚Äù and ‚ÄúThe Handmaid‚Äôs Tale‚Äù at an #Emmys that cast US President Trump in a supporting role‚Ä¶ https://t.co/27Cgq4PCHQ,55
55,-0.2263,2017-09-18 03:46:07+00:00,0.128,0.872,0.0,CNN,"In Bangladesh's overcrowded Rohingya refugee camps, supplies are limited and circumstances are dire‚Ä¶ https://t.co/sY915c8NOb",56
56,0.0,2017-09-18 03:36:03+00:00,0.0,1.0,0.0,CNN,Here's a side of North Korea the world rarely sees https://t.co/vg7x7X0acp https://t.co/uZOrf9Jjys,57
57,0.0,2017-09-18 03:26:06+00:00,0.0,1.0,0.0,CNN,"With the golf retweet, Trump blunders into the 'Streisand effect,' writes Kara Alaimo for @CNNopinion‚Ä¶ https://t.co/wbfHs3LabN",58
58,0.0772,2017-09-18 03:16:04+00:00,0.0,0.86,0.14,CNN,Want a job as a NASA astronaut? Read this https://t.co/Vm3ZGxZ2h1 https://t.co/zMOsnppIfs,59
59,0.8271,2017-09-18 03:02:11+00:00,0.0,0.51,0.49,CNN,"RT @CNNent: .@HandmaidsOnHulu wins Outstanding Drama Series. #Emmys
https://t.co/kW0bACaYEQ https://t.co/u7RaAqkiQK",60
60,-0.0772,2017-09-18 03:00:10+00:00,0.098,0.902,0.0,CNN,Republican leaders are serious about one last attempt to overhaul Obamacare https://t.co/SvMsLvLsR7 https://t.co/5uVihhWtwd,61
61,0.8271,2017-09-18 02:58:54+00:00,0.0,0.645,0.355,CNN,"RT @CNNent: Elisabeth Moss wins Outstanding Lead Actress in a Drama Series for @HandmaidsOnHulu #Emmys
https://t.co/JpDysgJ8Uu https://t.co‚Ä¶",62
62,0.8271,2017-09-18 02:53:52+00:00,0.0,0.628,0.372,CNN,"RT @CNNent: .@SterlingKBrown wins Outstanding Lead Actor in a Drama Series for @NBCThisisUs #Emmys
https://t.co/jwFxSD2AcQ https://t.co/LtW‚Ä¶",63
63,-0.4588,2017-09-18 02:53:34+00:00,0.15,0.85,0.0,CNN,"Four American college students attacked with acid on Sunday at a train station in Marseilles, France, police say‚Ä¶ https://t.co/UULJw6kqVF",64
64,0.8271,2017-09-18 02:42:23+00:00,0.0,0.588,0.412,CNN,"RT @CNNent: .@blackmirror: San Junipero wins Outstanding Television Movie. @netflix #Emmys
https://t.co/brn70N0OyM https://t.co/bT9jP9cvaC",65
65,0.4588,2017-09-18 02:40:05+00:00,0.0,0.769,0.231,CNN,"Baton Rouge shootings may be racially motivated, police say https://t.co/5ZWcyRAm82 https://t.co/Dq9Uh7rOrd",66
66,0.7783,2017-09-18 02:37:05+00:00,0.074,0.625,0.301,CNN,"RT @CNNent: Nicole Kidman wins Outstanding Lead Actress in a Limited Series or TV Movie for #BigLittleLies #Emmys
https://t.co/l3ccLYndxL h‚Ä¶",67
67,0.7783,2017-09-18 02:33:52+00:00,0.077,0.61,0.313,CNN,"RT @CNNent: .@rizmc wins Outstanding Lead Actor in a Limited Series or TV Movie for #TheNightOf #Emmys
https://t.co/YK1ALQbNru https://t.co‚Ä¶",68
68,0.6096,2017-09-18 02:33:18+00:00,0.0,0.801,0.199,CNN,Julia Louis-Dreyfus now holds the record for most #Emmys won by a single performer for one role‚Ä¶ https://t.co/gV7NfTm0rT,69
69,0.5719,2017-09-18 02:18:51+00:00,0.0,0.829,0.171,CNN,"In Ho Chi Minh City, a street known to musicians as ""Guitar Street"" -- offers beautifully made acoustic guitars‚Ä¶ https://t.co/ifGuXC2U76",70
70,0.8834,2017-09-18 02:08:04+00:00,0.0,0.623,0.377,CNN,"‚ÄúMaster of None's"" Lena Waithe becomes first black woman to win an #Emmy for outstanding writing for a comedy serie‚Ä¶ https://t.co/rkkRuRuNIN",71
71,0.2732,2017-09-18 02:00:09+00:00,0.0,0.9,0.1,CNN,"Here‚Äôs a rare look at Mount Paektu, a site sacred to North Koreans, as well as their neighbors to the south‚Ä¶ https://t.co/smRVTDlP3a",72
72,0.8834,2017-09-18 01:56:33+00:00,0.0,0.593,0.407,CNN,RT @CNNent: .@LenaWaithe is the first black woman to win outstanding writing for a comedy series. https://t.co/riGgr8n63N #Emmys @Televisio‚Ä¶,73
73,0.8271,2017-09-18 01:49:18+00:00,0.0,0.628,0.372,CNN,"RT @CNNent: Reed Morano wins Outstanding Directing for a Drama Series for @HandmaidsOnHulu #Emmys
https://t.co/wTZoMrXnMv https://t.co/vV68‚Ä¶",74
74,0.0,2017-09-18 01:48:06+00:00,0.0,1.0,0.0,CNN,What are ‚Äòsponge cities‚Äô? They may just be China‚Äôs answer to flooding in urban areas https://t.co/oOuBWDPuWO https://t.co/WzpiUv3fGE,75
75,0.4767,2017-09-18 01:30:12+00:00,0.0,0.838,0.162,CNN,Trump's personal lawyer Michael Cohen is set to appear before the Senate intelligence committee on Tuesday‚Ä¶ https://t.co/z58Aguqxuf,76
76,0.5719,2017-09-18 01:29:14+00:00,0.0,0.856,0.144,CNN,"Alec Baldwin wins again at the #Emmys -- this time, for his portrayal of Trump on the most recent season of ‚ÄúSNL""‚Ä¶ https://t.co/8fq527kPGb",77
77,0.0,2017-09-18 01:15:07+00:00,0.0,1.0,0.0,CNN,Florida governor issues new nursing home rules after post-hurricane deaths https://t.co/QV3Giwpzd8 https://t.co/H9XerOGeI2,78
78,0.2732,2017-09-18 01:08:05+00:00,0.0,0.87,0.13,CNN,Former White House press secretary Sean Spicer makes a surprise cameo at the #Emmys https://t.co/Ml6hmALXuq https://t.co/2OkbenqQl8,79
79,0.9201,2017-09-18 01:02:21+00:00,0.0,0.456,0.544,CNN,"RT @CNNent: .@AlecBaldwin wins Outstanding Supporting Actor in a Comedy Series for @nbcsnl. #Emmys
https://t.co/or5SsycxwQ https://t.co/Wl2‚Ä¶",80
80,0.4215,2017-09-18 01:00:17+00:00,0.0,0.859,0.141,CNN,"Secretary of State Rex Tillerson says the United States is considering closing its embassy in Havana, Cuba‚Ä¶ https://t.co/qEvVRctZek",81
81,0.681,2017-09-18 00:45:07+00:00,0.0,0.763,0.237,CNN,"Looking for a place where you can relax? These are the world's 10 least stressful cities, according to a new study‚Ä¶ https://t.co/3a2AuUsqYN",82
82,0.9201,2017-09-18 00:30:52+00:00,0.0,0.478,0.522,CNN,"RT @CNNent: Kate McKinnon wins Outstanding Supporting Actress in a Comedy Series for @NBCSNL #Emmys
https://t.co/ShzLFprosZ https://t.co/mf‚Ä¶",83
83,0.891,2017-09-18 00:30:47+00:00,0.0,0.531,0.469,CNN,"RT @CNNent: .@JohnLithgow wins Outstanding Supporting Actor in a Drama Series for @TheCrownNetflix #Emmys
https://t.co/ZuDrMJOUMv https://t‚Ä¶",84
84,-0.2732,2017-09-18 00:30:03+00:00,0.13,0.87,0.0,CNN,Here's your complete list of #Emmy nominations. Does your show make the cut? https://t.co/ahHxA5o4ZK https://t.co/oV93Wjlz7C,85
85,0.0,2017-09-18 00:15:04+00:00,0.0,1.0,0.0,CNN,The key categories to watch during tonight's #Emmys https://t.co/eZjfrlU2qn https://t.co/ynqoO5HCgv,86
86,0.0,2017-09-18 00:00:22+00:00,0.0,1.0,0.0,CNN,Stephen Colbert returns to the #Emmys in Trump-fueled turnaround https://t.co/UKDQYpxwI3 https://t.co/8ImgdjrpQk,87
87,-0.3612,2017-09-17 23:30:10+00:00,0.189,0.811,0.0,CNN,"Sen. Bernie Sanders disputes Hillary Clinton: ""I worked as hard as I could"" to elect her https://t.co/Vy38F09qg3 https://t.co/Lz1ZOAR1Eu",88
88,0.0,2017-09-17 23:15:07+00:00,0.0,1.0,0.0,CNN,3 things to watch at Janet Yellen's Fed meeting https://t.co/CKTZG03TQd via @CNNMoney https://t.co/zHSVMusVVz,89
89,-0.2732,2017-09-17 23:00:24+00:00,0.13,0.87,0.0,CNN,Here's your complete list of #Emmy nominations. Does your show make the cut? https://t.co/hz9tlIYIAM https://t.co/nfO3mN1Fyw,90
90,0.3612,2017-09-17 22:46:04+00:00,0.0,0.878,0.122,CNN,"Sen. Dianne Feinstein: ‚ÄúI have never been in a state of greater concern about this nation and Korea"" #CNNSOTU https://t.co/9YTe7xH7tB",91
91,-0.34,2017-09-17 22:30:12+00:00,0.146,0.854,0.0,CNN,"Russian forces fire on the US-backed Syrian Democratic Forces, the anti-ISIS coalition says https://t.co/SZsdfnbRxK https://t.co/uxPEdwjrlr",92
92,0.0,2017-09-17 22:23:05+00:00,0.0,1.0,0.0,CNN,The key categories to watch during tonight's #Emmys https://t.co/lIaIgc0wTh https://t.co/WiBfDRWYFn,93
93,0.0,2017-09-17 22:15:03+00:00,0.0,1.0,0.0,CNN,Neil deGrasse Tyson says it might be 'too late' to recover from climate change https://t.co/heFud9GH7Y,94
94,-0.4767,2017-09-17 22:10:07+00:00,0.237,0.763,0.0,CNN,Woman arrested for vandalizing Wall Street's famed bull statue https://t.co/M5YcfZSujX https://t.co/FeLLXOk79z,95
95,-0.2263,2017-09-17 21:53:56+00:00,0.128,0.872,0.0,CNN,Protesters take to the streets of St. Louis for the 3rd day https://t.co/NqM85Z9Stg https://t.co/y34QhBYIw9,96
96,-0.836,2017-09-17 21:47:54+00:00,0.56,0.44,0.0,CNN,Georgia Tech police fatally shoot student after knife confrontation https://t.co/F2OXgMW6EM,97
97,0.0,2017-09-17 21:20:02+00:00,0.0,1.0,0.0,CNN,"With the golf retweet, Trump blunders into the 'Streisand effect,' writes Kara Alaimo for @CNNopinion‚Ä¶ https://t.co/A46Or4pfUC",98
98,-0.2263,2017-09-17 21:09:22+00:00,0.106,0.894,0.0,CNN,New protests underway in St. Louis after the acquittal of fmr police officer Jason Stockley https://t.co/FAG8Q91MGp https://t.co/IJU4eJUJCP,99
99,0.0,2017-09-17 20:53:25+00:00,0.0,1.0,0.0,CNN,RT @CNNPolitics: Melania Trump finds her footing after a low-key summer https://t.co/T4o5G7G6HA https://t.co/QpWsg6X5hT,100
100,-0.6444,2017-09-18 12:56:50+00:00,0.397,0.603,0.0,BBCWorld,St Louis: More than 80 arrested in Sunday protests https://t.co/6kSXjXgyxF,1
101,0.4033,2017-09-18 11:44:11+00:00,0.124,0.62,0.256,BBCWorld,RT @BBCTech: Uber sorry for 'Wife Appreciation Day' promotion https://t.co/nV9U8OCCbz,2
102,0.0,2017-09-18 11:34:30+00:00,0.0,1.0,0.0,BBCWorld,"RT @BBCAfrica: Do you speak Afaan Oromoo, Amharic, Tigrinya? Check out the BBC's brand new online services for Ethiopia &amp; Eritrea: https://‚Ä¶",3
103,-0.4767,2017-09-18 11:04:46+00:00,0.181,0.819,0.0,BBCWorld,"RT @BBCNews: Parsons Green Tube attack: Footage of a person leaving a property with Lidl bag 
https://t.co/MdNZfn6fhW",4
104,0.4767,2017-09-18 10:38:51+00:00,0.224,0.383,0.393,BBCWorld,Nigeria's Boko Haram crisis: Zannah Mustapha wins UN award https://t.co/tOyPEGoI8o,5
105,0.34,2017-09-18 10:37:15+00:00,0.082,0.714,0.204,BBCWorld,RT @BBC_HaveYourSay: Has your important flight been affected due to #Ryanair cancellations?  Share your stories https://t.co/cNFicwIYSb htt‚Ä¶,6
106,0.0,2017-09-18 10:17:36+00:00,0.0,1.0,0.0,BBCWorld,Africa's migrant trade: @BBCPanorama reveals the extraordinary scale of people-smuggling across sub-Saharan Africa‚Ä¶ https://t.co/z5pte33rVR,7
107,0.0,2017-09-18 10:10:53+00:00,0.0,1.0,0.0,BBCWorld,China and India water 'dispute' after border stand-off https://t.co/XdwRLIJp9F,8
108,-0.5994,2017-09-18 09:55:51+00:00,0.281,0.719,0.0,BBCWorld,German trial over pensioner left to die in bank branch https://t.co/r2y2iQTs3E,9
109,-0.5574,2017-09-18 09:55:12+00:00,0.153,0.847,0.0,BBCWorld,"RT @BBCBreaking: Wayne Rooney given two-year driving ban, and community order for 12 months with 100 hours of unpaid work https://t.co/s0za‚Ä¶",10
110,-0.3818,2017-09-18 09:49:53+00:00,0.245,0.755,0.0,BBCWorld,Shanghai demolishes 'nail house' blocking road and traffic https://t.co/sZs6cieTgO,11
111,-0.4215,2017-09-18 09:43:48+00:00,0.189,0.811,0.0,BBCWorld,RT @BBCBreaking: Former England footballer Wayne Rooney pleads guilty to drink-driving charge https://t.co/cnKysms8iJ,12
112,0.0,2017-09-18 09:29:50+00:00,0.0,1.0,0.0,BBCWorld,UK tourist in Venice hands big euro find to police https://t.co/GQGJjysJPf,13
113,0.0,2017-09-18 09:09:25+00:00,0.0,1.0,0.0,BBCWorld,Theresa May visits Canada for post-Brexit trade talks https://t.co/WhzX9OPjG7,14
114,-0.4003,2017-09-18 08:56:22+00:00,0.172,0.828,0.0,BBCWorld,"Scout Schultz is heard saying ""Shoot me!"" in a video filmed by fellow students https://t.co/ZEszBfFWlw",15
115,0.0,2017-09-18 08:53:09+00:00,0.0,1.0,0.0,BBCWorld,Rolling Stone magazine up for sale https://t.co/YFddHWpzqk,16
116,0.5106,2017-09-18 08:47:12+00:00,0.0,0.377,0.623,BBCWorld,Strong women https://t.co/qbKhhhXtj2,17
117,-0.4019,2017-09-18 08:29:12+00:00,0.172,0.828,0.0,BBCWorld,"RT @BBCNewsAsia: China and India in new dispute, this time over water: https://t.co/kjCgv3CPPX https://t.co/jImlKfGedG",18
118,-0.3612,2017-09-18 08:19:06+00:00,0.333,0.667,0.0,BBCWorld,Rhino horn smuggled as jewellery https://t.co/XYmMaJN5Cf,19
119,-0.4404,2017-09-18 08:12:14+00:00,0.225,0.775,0.0,BBCWorld,RT @BBCNewsAsia: Notorious traffic-obstructing 'nail house' demolished in Shanghai: https://t.co/Y3FqTFPfG7 https://t.co/KUdUMmbWrL,20
120,-0.0258,2017-09-18 07:31:17+00:00,0.136,0.678,0.186,BBCWorld,"Myanmar's top general accuses ""extremists"" of trying to form stronghold in northern Rakhine state https://t.co/PvoAykgaPH",21
121,-0.296,2017-09-18 07:03:17+00:00,0.145,0.855,0.0,BBCWorld,"Hurricane warnings issued for Guadeloupe, Dominica, St Kitts and Nevis, Montserrat and Martinique https://t.co/wTB0l7M07f",22
122,0.0,2017-09-18 07:00:22+00:00,0.0,1.0,0.0,BBCWorld,China and India water 'dispute' after border stand-off https://t.co/FPsSRgdfnd,23
123,-0.25,2017-09-18 06:48:01+00:00,0.077,0.923,0.0,BBCWorld,"RT @BBCBusiness: On #BBCBizLive: As Ryanair continues to cancel 40-50 flights per day, are you put you off flying with them or is the price‚Ä¶",24
124,-0.25,2017-09-18 04:59:49+00:00,0.125,0.875,0.0,BBCWorld,Thousands of airline passengers stranded in New Zealand due to jet fuel shortage https://t.co/NSGfQwVpxV https://t.co/ZUEYIkNIkq,25
125,-0.25,2017-09-18 04:36:27+00:00,0.2,0.8,0.0,BBCWorld,New Zealand jet fuel shortage leaves passengers stranded https://t.co/tAybz0MXss,26
126,-0.2263,2017-09-18 03:51:44+00:00,0.213,0.787,0.0,BBCWorld,Snapchat blocks Al Jazeera in Saudi Arabia https://t.co/PPR7WLtZKq,27
127,0.8481,2017-09-18 03:15:36+00:00,0.0,0.494,0.506,BBCWorld,"The #Emmys2017 for 'Best Outstanding Drama' goes to... 

https://t.co/Zan61HZg8E https://t.co/VjGzFeiQq3",28
128,0.9169,2017-09-18 03:08:41+00:00,0.0,0.602,0.398,BBCWorld,"RT @BBCBreaking: Dystopian drama The Handmaid's Tale takes main Emmy award for best drama series, with Elisabeth Moss best actress https://‚Ä¶",29
129,0.0,2017-09-18 02:52:11+00:00,0.0,1.0,0.0,BBCWorld,RT @BBCNewsAsia: This is how you move a 135-year-old Buddhist temple: https://t.co/mgZ7aP2s8A https://t.co/Y9HAZkwUQt,30
130,-0.7783,2017-09-18 02:15:09+00:00,0.405,0.595,0.0,BBCWorld,RT @BBCNewsAsia: Myanmar army chief blames #Rohingya people for crisis: https://t.co/h3z0PpwEuZ https://t.co/dYy4uAUaFO,31
131,-0.3612,2017-09-18 02:12:11+00:00,0.164,0.76,0.076,BBCWorld,RT @BBCNewsAsia: The number of North Koreans defecting to the south is dropping: https://t.co/yyr6rqRsxU https://t.co/ywZaLPOwvK,32
132,-0.6249,2017-09-18 02:01:36+00:00,0.298,0.702,0.0,BBCWorld,"RT @BBCNewsAsia: Did police and paramedics in Taiwan leave a migrant worker to die?

https://t.co/rq1ZM1GB8Z",33
133,0.0,2017-09-18 01:51:38+00:00,0.0,1.0,0.0,BBCWorld,"RT @BBCNewsAsia: About last night... https://t.co/FrFUvW4PpS

üçæ @LewisHamilton

#SingaporeGP 
#f1nightrace 
#F1
#F1Singapore https://t.co/V‚Ä¶",34
134,-0.0258,2017-09-18 01:46:34+00:00,0.181,0.643,0.175,BBCWorld,RT @BBCNewsAsia: Man dies at haunted house attraction in Hong Kong: https://t.co/HmnXbQ0v8K https://t.co/Gbs3dNiPQf,35
135,-0.6486,2017-09-18 01:41:40+00:00,0.301,0.699,0.0,BBCWorld,Armed LGBT student Scout Schultz shot dead by Atlanta police https://t.co/yy1wIIzJrT,36
136,-0.1779,2017-09-18 00:05:28+00:00,0.31,0.442,0.248,BBCWorld,Powerful storm kills eight in Romania https://t.co/dX5KOhmwAv,37
137,-0.3182,2017-09-17 23:49:23+00:00,0.32,0.68,0.0,BBCWorld,One theme park's trick to cut rollercoaster queues https://t.co/Q2cGc9ZDHN,38
138,0.5719,2017-09-17 23:41:08+00:00,0.0,0.351,0.649,BBCWorld,Success story https://t.co/siyZ4kxTvf,39
139,0.0,2017-09-17 23:35:26+00:00,0.0,1.0,0.0,BBCWorld,State in the making? https://t.co/Xzt51rK27W,40
140,0.0,2017-09-17 23:32:41+00:00,0.0,1.0,0.0,BBCWorld,Trump at UN General Assembly: Three key points https://t.co/RPKGeL1KGO,41
141,-0.5719,2017-09-17 23:22:07+00:00,0.649,0.351,0.0,BBCWorld,Tackling hate https://t.co/RMgUIWprc7,42
142,0.0,2017-09-17 23:16:25+00:00,0.0,1.0,0.0,BBCWorld,BBC launches services for Ethiopia and Eritrea https://t.co/wdqMychWiw,43
143,0.0,2017-09-17 23:13:26+00:00,0.0,1.0,0.0,BBCWorld,European live animal trade raises major welfare concerns https://t.co/5zYp8Z600r,44
144,-0.4019,2017-09-17 23:10:38+00:00,0.328,0.48,0.192,BBCWorld,Mexican women march to highlight anti-female violence https://t.co/2vYMHnwXXx,45
145,0.0,2017-09-17 22:59:18+00:00,0.0,1.0,0.0,BBCWorld,"Engineers relocate 2,000-tonne Shanghai temple hall https://t.co/RRrMeD1xFr",46
146,0.0,2017-09-17 21:11:20+00:00,0.0,1.0,0.0,BBCWorld,Caribbean islands prepare for Hurricane Maria https://t.co/LY6XEdvTKC,47
147,0.9001,2017-09-17 19:46:12+00:00,0.0,0.294,0.706,BBCWorld,Toronto Film Festival: 'Three Billboards' wins top prize https://t.co/8Pqw8BmpQK,48
148,0.0,2017-09-17 19:46:10+00:00,0.0,1.0,0.0,BBCWorld,US says it is considering closing its embassy in Cuba https://t.co/DYJJPSWmh7,49
149,0.0,2017-09-17 17:34:26+00:00,0.0,1.0,0.0,BBCWorld,"Paris climate deal: Trump open to staying in, Tillerson says https://t.co/067LeFXNxE",50
150,0.0,2017-09-17 16:22:35+00:00,0.0,1.0,0.0,BBCWorld,"RT @bbcweather: Tropical storm #Maria will soon be a #hurricane, landfall expected #Martinique or #Dominica Monday night with gusts over 10‚Ä¶",51
151,-0.743,2017-09-17 16:16:12+00:00,0.474,0.526,0.0,BBCWorld,"Rohingya crisis: No compromising, says Myanmar army chief https://t.co/zT6vd49dWU",52
152,-0.4767,2017-09-17 16:16:12+00:00,0.313,0.687,0.0,BBCWorld,Denmark men's team offer wages to women after pay dispute https://t.co/fYGwhKFnTD,53
153,0.34,2017-09-17 15:56:41+00:00,0.0,0.821,0.179,BBCWorld,Serbia's gay PM is first in region to attend pride parade https://t.co/NG8kAA983d,54
154,0.6249,2017-09-17 15:41:57+00:00,0.0,0.796,0.204,BBCWorld,"RT @BBCSport: A great gesture.

Denmark's men's football team have offered the women's side ¬£60,000 a year.

https://t.co/L53JN2l3fE https:‚Ä¶",55
155,-0.7579,2017-09-17 14:48:34+00:00,0.481,0.519,0.0,BBCWorld,France acid attack: US tourists assaulted in Marseille https://t.co/Q0Z8PLRFUS,56
156,-0.4767,2017-09-17 14:00:20+00:00,0.17,0.747,0.083,BBCWorld,"RT @BBCHARDtalk: Aung San Suu Kyi has ""last chance"" to reverse the Rohingya crisis in Myanmar, UN Secretary-General @antonioguterres tells‚Ä¶",57
157,-0.0258,2017-09-17 13:17:37+00:00,0.237,0.534,0.229,BBCWorld,Hong Kong: Man dies at haunted house attraction https://t.co/IWsADie9Ck,58
158,-0.6249,2017-09-17 13:14:37+00:00,0.362,0.638,0.0,BBCWorld,Did Taiwan police and paramedics leave migrant worker to die? https://t.co/Q8GUSAHg9M,59
159,-0.3182,2017-09-17 13:05:28+00:00,0.223,0.777,0.0,BBCWorld,North Korea: South Korea sees fall in defectors https://t.co/oBviOWhghm,60
160,-0.7717,2017-09-17 12:36:53+00:00,0.427,0.573,0.0,BBCWorld,Syria war: Russia denies hitting SDF force in Deir al-Zour https://t.co/81iNfww0p9,61
161,-0.6114,2017-09-17 12:08:09+00:00,0.266,0.734,0.0,BBCWorld,"RT @BBCSport: It's chaos on the opening lap!

üëâ https://t.co/rBochQx5Pa #bbcf1 #SingaporeGP https://t.co/GWRZsacJYz",62
162,0.7351,2017-09-17 12:02:30+00:00,0.0,0.693,0.307,BBCWorld,"RT @bbcgetinspired: Interesting stuff...

The fascinating journey of athletes who 'bounce back' after pregnancy.

Read: https://t.co/itzggU‚Ä¶",63
163,0.1779,2017-09-17 11:11:04+00:00,0.165,0.609,0.226,BBCWorld,Ryanair cancels flights after 'messing up' pilot holidays https://t.co/kfY5iUCBPq,64
164,-0.7269,2017-09-17 11:02:41+00:00,0.234,0.766,0.0,BBCWorld,"RT @BBCNewsnight: ""We learned that Americans are our primary enemies"" - North Korea defector Hyeonseo Lee describes how she was taught to h‚Ä¶",65
165,-0.4767,2017-09-17 10:23:41+00:00,0.119,0.881,0.0,BBCWorld,RT @BBCSteveR: The Russian army takes us to Deir al-Zour after a 3-year long IS siege of the city is broken. Camera Anton Chicherov Produce‚Ä¶,66
166,-0.4389,2017-09-17 09:48:48+00:00,0.138,0.862,0.0,BBCWorld,"RT @BBCSport: 118-110!

There were boos when it was announced.

Golovkin v Saul 'Canelo' Alvarez - it was a memorable fight.
https://t.co/V‚Ä¶",67
167,0.6808,2017-09-17 09:48:29+00:00,0.0,0.682,0.318,BBCWorld,Donald Trump supporters gather for a rally in Washington DC to 'defend American values' https://t.co/WVGe6mX2OX,68
168,0.0,2017-09-17 08:38:36+00:00,0.0,1.0,0.0,BBCWorld,Pakistan by-election: Sharif family contests Lahore seat https://t.co/JTCLGqQpaW,69
169,-0.4939,2017-09-17 08:31:42+00:00,0.144,0.856,0.0,BBCWorld,"RT @BBCNews: ""It is pure speculation"" - UK Home Secretary Amber Rudd on Donald Trump's tweets about London Tube bomb https://t.co/ZDRX8oBjS‚Ä¶",70
170,0.0,2017-09-17 05:26:25+00:00,0.0,1.0,0.0,BBCWorld,Hamas seeks new talks with rivals Fatah https://t.co/BcP1eLSwbS,71
171,-0.4767,2017-09-17 04:35:25+00:00,0.291,0.567,0.142,BBCWorld,Rohingya crisis: 'Last chance' for Aung San Suu Kyi https://t.co/jaZb6M3dyw,72
172,-0.6249,2017-09-17 01:43:15+00:00,0.383,0.479,0.138,BBCWorld,St Louis police killing: Fresh protest breaks out in city https://t.co/b8mYBSuJsG,73
173,0.2263,2017-09-17 01:37:28+00:00,0.217,0.457,0.326,BBCWorld,Pro-Trump rally: 'The value of free speech is under assault' https://t.co/3Cn8GGY4nX,74
174,-0.4215,2017-09-17 00:49:39+00:00,0.219,0.781,0.0,BBCWorld,Paris climate deal: US denies it will stay in accord https://t.co/yWPfaB52X4,75
175,0.0,2017-09-16 23:25:06+00:00,0.0,1.0,0.0,BBCWorld,Your pictures https://t.co/Qylg8RK3Cx,76
176,-0.8126,2017-09-16 23:08:13+00:00,0.787,0.213,0.0,BBCWorld,Cold War crime https://t.co/IOeNCvHicg,77
177,0.0,2017-09-16 21:36:49+00:00,0.0,1.0,0.0,BBCWorld,'Not a gang' https://t.co/WZLVuKn8NA,78
178,-0.8316,2017-09-16 20:27:31+00:00,0.557,0.443,0.0,BBCWorld,Kuala Lumpur school fire: Seven arrests after fatal blaze https://t.co/WYMOi6ERI4,79
179,-0.25,2017-09-16 19:28:36+00:00,0.2,0.8,0.0,BBCWorld,Ukraine: Parents protest against deaths at children's camp https://t.co/pzsCKubBwZ,80
180,-0.6486,2017-09-16 17:55:12+00:00,0.35,0.65,0.0,BBCWorld,Narcos location scout shot dead in central Mexico https://t.co/Wldi17iKie,81
181,-0.0772,2017-09-16 16:17:19+00:00,0.161,0.699,0.14,BBCWorld,RT @BBCPeterHunt: BBC News - Buckingham Palace plays down 'power struggle' claims https://t.co/Fzsx0UKmLv,82
182,-0.1513,2017-09-16 15:51:45+00:00,0.097,0.834,0.069,BBCWorld,RT @BBCNewsEnts: Madonna reflects on one of the most controversial moments of her career - part of our exclusive interview. https://t.co/y1‚Ä¶,83
183,-0.6486,2017-09-16 15:47:09+00:00,0.444,0.397,0.159,BBCWorld,DR Congo security forces shoot dead Burundi 'refugees' https://t.co/CMMwwrIFGW,84
184,-0.4404,2017-09-16 15:05:08+00:00,0.162,0.838,0.0,BBCWorld,"Scared koala survives a 16km ride clinging to the axle of a four-wheel drive in Australia üê®

https://t.co/3yn8CEDSU6 https://t.co/3GHbFMWaF9",85
185,-0.4404,2017-09-16 14:52:06+00:00,0.367,0.633,0.0,BBCWorld,Zanzibar arrests 20 over homosexuality https://t.co/tbSmdjdvqP,86
186,-0.8481,2017-09-16 14:35:17+00:00,0.568,0.432,0.0,BBCWorld,St Louis police killing: 30 arrests after acquittal protests https://t.co/HBEzlrCLfw,87
187,0.0,2017-09-16 13:45:10+00:00,0.0,1.0,0.0,BBCWorld,Koala 'hitches' ride under car wheel arch https://t.co/Ax2MEvFU7V,88
188,0.4939,2017-09-16 13:42:00+00:00,0.0,0.738,0.262,BBCWorld,Five Fingers for Marseilles hits Toronto International Film Festival https://t.co/Q6AQ87NQYI,89
189,0.0,2017-09-16 12:38:57+00:00,0.0,1.0,0.0,BBCWorld,Catalonia referendum: Separatists rally around mayors in Barcelona https://t.co/7u9On7K42B,90
190,-0.4215,2017-09-16 11:54:26+00:00,0.259,0.741,0.0,BBCWorld,Slender Man stabbing: Anissa Weier found mentally ill https://t.co/ZFAzwyzEe1,91
191,0.0,2017-09-16 11:54:24+00:00,0.0,1.0,0.0,BBCWorld,"Koala survives 16km ride behind car wheel in Adelaide, Australia https://t.co/gE6jMFx7rh",92
192,-0.4215,2017-09-16 11:54:24+00:00,0.306,0.522,0.172,BBCWorld,Rohingya crisis: Bangladesh plans huge camps for refugees https://t.co/BdO4EkfBpw,93
193,0.0,2017-09-16 10:42:41+00:00,0.0,1.0,0.0,BBCWorld,"Cult actor Harry Dean Stanton, who appeared in films including Alien, Repo Man and Paris, Texas, dies aged 91‚Ä¶ https://t.co/lHFajk00Ku",94
194,0.0,2017-09-16 10:38:17+00:00,0.0,1.0,0.0,BBCWorld,Irma: Apocalypse and the aftermath https://t.co/MQrrbsYu4x,95
195,0.0,2017-09-16 10:38:15+00:00,0.0,1.0,0.0,BBCWorld,Berlin's Urban Nation museum hails graffiti as art from https://t.co/yi2BsCbZIM,96
196,-0.25,2017-09-16 10:38:15+00:00,0.167,0.833,0.0,BBCWorld,Ryanair to cancel 40-50 flights per day for six weeks https://t.co/e4wloJJ0I7,97
197,0.3818,2017-09-16 10:38:15+00:00,0.0,0.776,0.224,BBCWorld,Equifax data breach: Credit rating firm replaces key staff https://t.co/o6zF83vIr1,98
198,0.0,2017-09-16 10:38:15+00:00,0.0,1.0,0.0,BBCWorld,What is behind clashes in Ethiopia's Oromia and Somali regions? https://t.co/3jMEiKqBgu,99
199,0.0,2017-09-16 10:38:14+00:00,0.0,1.0,0.0,BBCWorld,Henry the hippo reunites with his baby Fiona https://t.co/8BE3oZRr2S,100
200,0.34,2017-09-18 13:01:01+00:00,0.0,0.794,0.206,CBSNews,Senate expected to pass $700 billion defense policy bill that in part expands missile defense in response to N Kore‚Ä¶ https://t.co/qka5g8aJwD,1
201,0.296,2017-09-18 12:47:44+00:00,0.0,0.885,0.115,CBSNews,.@KHOU reporter Brandi Smith led first responders to a stranded semi-truck driver during Harvey. She shares their r‚Ä¶ https://t.co/btXMTHAQc1,2
202,0.7245,2017-09-18 12:46:34+00:00,0.0,0.694,0.306,CBSNews,"‚ÄúThere‚Äôs a slight sigh of relief because you don‚Äôt feel so absolutely responsible all the time,‚Äù @laurawbush says o‚Ä¶ https://t.co/NRSC48IiSF",3
203,0.0,2017-09-18 12:46:34+00:00,0.0,1.0,0.0,CBSNews,"RT @CBSThisMorning: What is your message to other first ladies?
‚ÄúCome with what you know,‚Äù says @Laurawbush https://t.co/9Fn4vdlPic",4
204,0.0,2017-09-18 12:43:13+00:00,0.0,1.0,0.0,CBSNews,"‚ÄúIt was a way to bring attention to...the way women were treated,‚Äù @laurawbush says on U.S-Afghan Women's council https://t.co/78fd4zodbA",5
205,-0.5574,2017-09-18 12:41:00+00:00,0.159,0.841,0.0,CBSNews,"U.S. flew warplanes over Korean Peninsula in drills with S. Korea &amp; Japan, 3 days after N. Korea fired missile‚Ä¶ https://t.co/0UcOwOC5N0",6
206,0.0,2017-09-18 12:39:11+00:00,0.0,1.0,0.0,CBSNews,‚ÄúMany of the First Ladies around the world I know were business women already...and can bring a lot to their countr‚Ä¶ https://t.co/8j58QTGmX9,7
207,0.0,2017-09-18 12:36:47+00:00,0.0,1.0,0.0,CBSNews,"Former First Lady Laura Bush wants world leaders' spouses to realize their power. On @CBSThisMorning, she discusses‚Ä¶ https://t.co/QaNW0duMak",8
208,0.0,2017-09-18 12:33:54+00:00,0.0,1.0,0.0,CBSNews,Here is a look at some of today's headlines on @CBSThisMorning: https://t.co/CKXbtcOxzq,9
209,0.0,2017-09-18 12:29:49+00:00,0.0,1.0,0.0,CBSNews,"Former First Lady @laurawbush is in the @CBSThisMorning greenroom. Ahead, she will discuss her mission to empower‚Ä¶ https://t.co/7dfnOEmXYV",10
210,0.0,2017-09-18 12:23:23+00:00,0.0,1.0,0.0,CBSNews,New England Patriots quarterback Tom Brady tells @NorahODonnell his performance at age 40 is due to a unique fitnes‚Ä¶ https://t.co/XsQ3k7eF3c,11
211,-0.6705,2017-09-18 12:21:01+00:00,0.208,0.792,0.0,CBSNews,Hundreds of officers in full riot gear respond to a 3rd day of protests in St. Louis and more than 80 were arrested‚Ä¶ https://t.co/91MOc8A6rd,12
212,0.0,2017-09-18 12:20:22+00:00,0.0,1.0,0.0,CBSNews,Tom Brady says he has staying power in the NFL. Ahead on @CBSThisMorning: what he reveals to @NorahODonnell about p‚Ä¶ https://t.co/vh4w9rUm7f,13
213,0.624,2017-09-18 12:13:01+00:00,0.0,0.823,0.177,CBSNews,"Ray Dalio is the found of one of the world‚Äôs most successful hedge funds, Bridgewater. He joins @CBSThisMorning to‚Ä¶ https://t.co/QQ9mCjA77x",14
214,0.0258,2017-09-18 12:09:10+00:00,0.106,0.783,0.111,CBSNews,"AHEAD: Ray Dalio, founder of the world‚Äôs largest hedge fund joins @CBSThisMorning to discuss how giving critical fe‚Ä¶ https://t.co/RLLCcbmqYB",15
215,0.6115,2017-09-18 12:04:48+00:00,0.0,0.826,0.174,CBSNews,History was made at the Emmys. Julia Louis-Dreyfus holds the record for most wins by a performer in a single role‚Ä¶ https://t.co/7uqhwgIs5D,16
216,0.0,2017-09-18 12:04:00+00:00,0.0,1.0,0.0,CBSNews,"Pres. Trump starts a week of meetings today at the UN General Assembly, and he will address the assembly Tuesday fo‚Ä¶ https://t.co/jlClz71o2l",17
217,-0.7506,2017-09-18 12:01:01+00:00,0.262,0.738,0.0,CBSNews,Georgia Tech student fatally shot by campus police Saturday after they say the student refused to put down a knife‚Ä¶ https://t.co/Wklh5B1Bts,18
218,0.5106,2017-09-18 11:54:51+00:00,0.0,0.845,0.155,CBSNews,AHEAD on @CBSThisMorning: How television is breaking barriers and the message from some of the Emmy honorees about‚Ä¶ https://t.co/5c4gzSFzvb,19
219,0.5719,2017-09-18 11:49:36+00:00,0.0,0.793,0.207,CBSNews,"40-year-old Tom Brady may be playing better than athletes half his age. Ahead on @CBSThisMorning, Brady opens up to‚Ä¶ https://t.co/x3m2RtjW3k",20
220,0.4019,2017-09-18 11:45:24+00:00,0.0,0.87,0.13,CBSNews,Six people returned from a simulated mission on Mars. The crew spent 8 months on an active volcano in Hawaii‚Ä¶ https://t.co/FCgfmjF5dP,21
221,0.6597,2017-09-18 11:41:01+00:00,0.0,0.748,0.252,CBSNews,"In surprise Emmy moment, Former White House spokesman Sean Spicer pokes fun at inauguration crowd size claims‚Ä¶ https://t.co/FfMEF5NyCS",22
222,0.0,2017-09-18 11:39:26+00:00,0.0,1.0,0.0,CBSNews,A NATO military leader is raising new concerns about Russia‚Äôs massive military exercise underway in Eastern Europe‚Ä¶ https://t.co/4ZxaTDNTfo,23
223,0.0,2017-09-18 11:38:33+00:00,0.0,1.0,0.0,CBSNews,Four American college students studying abroad are recovering after being sprayed by acid in France‚Ä¶ https://t.co/Jr0s7Y9gdV,24
224,0.0,2017-09-18 11:35:23+00:00,0.0,1.0,0.0,CBSNews,Georgia investigators are looking into a deadly police shooting on the Georgia Tech campus https://t.co/mShj3sAfwT https://t.co/30y3n7YYHt,25
225,0.0,2017-09-18 11:34:39+00:00,0.0,1.0,0.0,CBSNews,Here‚Äôs a look at some of this morning‚Äôs other headlines on @CBSThisMorning: https://t.co/OQB12hT61n,26
226,0.7184,2017-09-18 11:33:45+00:00,0.0,0.75,0.25,CBSNews,Two top executives are out at Equifax after the massive data breach of personal information of 143 million people‚Ä¶ https://t.co/wRYj8M6hBi,27
227,0.0,2017-09-18 11:26:54+00:00,0.0,1.0,0.0,CBSNews,AHEAD on @CBSThisMorning: What NASA learned after a group of people spent 8 months in Hawaii on a simulated mission‚Ä¶ https://t.co/41en4fFzxI,28
228,0.0,2017-09-18 11:23:07+00:00,0.0,1.0,0.0,CBSNews,The Emmys were infused with politics &amp; references to the president. Ethnic &amp; racial diversity were also highlighted‚Ä¶ https://t.co/9pWjaToWS7,29
229,0.101,2017-09-18 11:20:01+00:00,0.103,0.778,0.119,CBSNews,"HBO's ""Big Little Lies"" stars Nicole Kidman, Reese Witherspoon &amp; Laura Dern focus on better roles for women at Emmy‚Ä¶ https://t.co/kGTksHdBJb",30
230,-0.2263,2017-09-18 11:19:54+00:00,0.095,0.905,0.0,CBSNews,Newly released video appears to show a suspected bomber holding a bag similar to one found on the London subway‚Ä¶ https://t.co/UdZCu6rhAu,31
231,-0.7096,2017-09-18 11:15:04+00:00,0.282,0.718,0.0,CBSNews,Police in St. Louis arrested dozens of people overnight as a third day of protesting turned violent‚Ä¶ https://t.co/CI5ocZfvCC,32
232,0.0,2017-09-18 11:13:26+00:00,0.0,1.0,0.0,CBSNews,All of the Florida Keys are now open to residents &amp; business owners for the first time since they were evacuated‚Ä¶ https://t.co/S2i1Pl5fyG,33
233,0.0,2017-09-18 11:11:49+00:00,0.0,1.0,0.0,CBSNews,.@LissetteCBS4 of @CBSMiami has more on the hurricane forecast for @CBSThisMorning https://t.co/IsRL8Luz7h,34
234,-0.7845,2017-09-18 11:08:52+00:00,0.277,0.723,0.0,CBSNews,A new hurricane threat is forming in the Atlantic &amp; could be bad news for Caribbean islands recovering from Irma‚Ä¶ https://t.co/g2aPYbSjg8,35
235,0.0,2017-09-18 11:05:43+00:00,0.0,1.0,0.0,CBSNews,"North Korea‚Äôs nuclear program is the focus at the UN, where Pres. Trump starts a weeklong series of meetings Monday‚Ä¶ https://t.co/oca6NZ5OkL",36
236,0.0,2017-09-18 10:55:01+00:00,0.0,1.0,0.0,CBSNews,COMING UP on @CBSThisMorning: @Patriots superstar quarterback Tom Brady opens up to @NorahODonnell. Tune in at 7am‚Ä¶ https://t.co/JiO10fp648,37
237,0.0,2017-09-18 10:35:07+00:00,0.0,1.0,0.0,CBSNews,AHEAD on @CBSThisMorning at 7am E.T.: @laurawbush discusses Global First Ladies &amp; @BrandiKHOU reunites with the man‚Ä¶ https://t.co/qASiUh8hKY,38
238,0.0,2017-09-18 10:16:29+00:00,0.0,1.0,0.0,CBSNews,"RT @CBSThisMorning: THIS MORNING:
üìñ|@RayDalio on new book
üí≠|@laurawbush on Global First Ladies
üåÄ|@ brandikhou  #Harvey reunion
üì∫|7AM ET",39
239,0.0,2017-09-18 10:03:03+00:00,0.0,1.0,0.0,CBSNews,"Police release surveillance video of Kenneka Jenkins, teen found in freezer https://t.co/Y8rb3liWTE https://t.co/pvSVI3OyyB",40
240,0.0,2017-09-18 09:48:04+00:00,0.0,1.0,0.0,CBSNews,Residents of the southern Florida Keys start to return home after Irma https://t.co/LOAZ2D7io5 https://t.co/ef46DfSHWo,41
241,-0.5994,2017-09-18 09:33:06+00:00,0.245,0.755,0.0,CBSNews,"Narcos' location scout shot to death in Mexico, local media reports https://t.co/Qs2Gew0RKM https://t.co/iNH1NlgnT3",42
242,0.0,2017-09-18 09:18:07+00:00,0.0,1.0,0.0,CBSNews,"Nikki Haley slams North Korea's ""reckless"" behavior https://t.co/dk7KtHZAr7 https://t.co/Md5rGs35Iz",43
243,-0.3612,2017-09-18 09:03:04+00:00,0.185,0.815,0.0,CBSNews,"Sports car strikes crowd of people in Boise, injuring 11 https://t.co/2HdNUq8nVc https://t.co/uudCrS7hxc",44
244,0.765,2017-09-18 08:48:04+00:00,0.0,0.577,0.423,CBSNews,Here's the entire list of 2017 Emmy Award winners https://t.co/vJZkIQSNNn https://t.co/DdJx6XMZZ9,45
245,0.6369,2017-09-18 08:33:05+00:00,0.0,0.682,0.318,CBSNews,Rules of writing from an international best seller https://t.co/hKJMj5nwN5 https://t.co/xL1NmhIb0P,46
246,0.0,2017-09-18 08:18:07+00:00,0.0,1.0,0.0,CBSNews,Patriots quarterback Tom Brady says Colin Kaepernick deserves another shot in the NFL https://t.co/Nhxj7Vnj7V https://t.co/gE8q6tsjCg,47
247,-0.6705,2017-09-18 08:03:05+00:00,0.333,0.667,0.0,CBSNews,UK police arrest 2nd man in connection with London subway attack https://t.co/MnnchxfKjp https://t.co/ebDRiXzHwP,48
248,-0.4588,2017-09-18 07:48:05+00:00,0.188,0.812,0.0,CBSNews,Four American college students recovering after being attacked with acid in Marseille https://t.co/nQxWPj4pAF https://t.co/wZvi1JWTBo,49
249,-0.2023,2017-09-18 07:33:04+00:00,0.141,0.859,0.0,CBSNews,Pres. Trump to visit Alabama to campaign for Luther Strange https://t.co/JvGkYMG5tk https://t.co/N3m3mKsD8M,50
250,0.0,2017-09-18 07:18:07+00:00,0.0,1.0,0.0,CBSNews,Why a Facebook warrant could signal a turning point in Mueller's investigation https://t.co/tTs1i330We https://t.co/OGNhxQLz45,51
251,0.4767,2017-09-18 07:03:03+00:00,0.0,0.728,0.272,CBSNews,Exclusive culinary tour aims to school food industry leaders on innovation https://t.co/FV4WdaPchB https://t.co/j1suCFKA1H,52
252,-0.1531,2017-09-18 06:48:05+00:00,0.257,0.526,0.217,CBSNews,Disability backlog tops 1M; thousands die on waitlist https://t.co/ohArbAeL0z https://t.co/XU2WvV5HwZ,53
253,-0.5423,2017-09-18 06:35:00+00:00,0.234,0.766,0.0,CBSNews,On video: St. Louis police car backs toward protesters after arrest of someone police say had thrown rocks at them https://t.co/2xzdbniuP4,54
254,0.0,2017-09-18 06:33:04+00:00,0.0,1.0,0.0,CBSNews,White House to host Historically Black Colleges and Universities Summit Monday https://t.co/IbMNmYJHHx https://t.co/xrKg4WQluq,55
255,0.0,2017-09-18 06:18:07+00:00,0.0,1.0,0.0,CBSNews,"Ex-British spy on leading a ""double life"" as a famous author https://t.co/nKjjLXYvn8 https://t.co/r0jO5HcI5i",56
256,-0.8316,2017-09-18 06:03:05+00:00,0.394,0.606,0.0,CBSNews,"""Vietnam War"" directors on ""credibility gap"" of American presidents during the war https://t.co/UC4P635Cdn https://t.co/IgQzKIxF4S",57
257,-0.802,2017-09-18 05:48:04+00:00,0.444,0.556,0.0,CBSNews,NASCAR driver killed in small plane crash in Connecticut https://t.co/2LVlBT78Dd https://t.co/jsyh2J9BHY,58
258,-0.4767,2017-09-18 05:33:10+00:00,0.256,0.744,0.0,CBSNews,Bee attack near L.A. sends two to hospital https://t.co/0mEpR4VJfb https://t.co/RLvaSVvABc,59
259,-0.25,2017-09-18 05:18:06+00:00,0.222,0.611,0.167,CBSNews,Baton Rouge police say murders of 2 black men likely racially motivated https://t.co/2AdIDSAEgW https://t.co/C3uGKzpWOs,60
260,0.0,2017-09-18 05:03:05+00:00,0.0,1.0,0.0,CBSNews,Report describes Facebook's viewpoint amid Russia investigation https://t.co/8LQcWbyQLu https://t.co/fMmmaZsjS8,61
261,0.0,2017-09-18 04:48:04+00:00,0.0,1.0,0.0,CBSNews,"Billie Jean King's victories, on and off the court https://t.co/KnVMTi9wGn https://t.co/ElSdrzWw5f",62
262,-0.25,2017-09-18 04:33:05+00:00,0.222,0.611,0.167,CBSNews,Baton Rouge police say murders of 2 black men likely racially motivated https://t.co/jggoIa5TI2 https://t.co/BuqernKeue,63
263,0.0,2017-09-18 04:18:06+00:00,0.0,1.0,0.0,CBSNews,"Pres. Trump takes on North Korea, Hillary Clinton in series of tweets https://t.co/baV8o8snao https://t.co/0GrLg3yM6a",64
264,0.0,2017-09-18 04:03:04+00:00,0.0,1.0,0.0,CBSNews,Buying into the evolution of smartphones https://t.co/0eqlPZE7mv https://t.co/eb9kPDbXpK,65
265,0.4404,2017-09-18 03:48:03+00:00,0.0,0.734,0.266,CBSNews,Madonna's song of hope for Malawi's children https://t.co/UbVT0aWLeb https://t.co/rThcJZ5tlS,66
266,-0.765,2017-09-18 03:33:04+00:00,0.398,0.602,0.0,CBSNews,Georgia Tech police fatally shoot 21-year-old college student with knife https://t.co/fZNLUjZCLg https://t.co/KFgI0UqMox,67
267,0.0,2017-09-18 03:18:05+00:00,0.0,1.0,0.0,CBSNews,"Secretary of State Rex Tillerson says Pres. Trump open to staying in Paris climate accord under ""right conditions""‚Ä¶ https://t.co/FIsFgCfkT5",68
268,-0.5994,2017-09-18 03:03:04+00:00,0.245,0.755,0.0,CBSNews,"Narcos' location scout shot to death in Mexico, local media reports https://t.co/Q7ZrlA7P6a https://t.co/e0zFGDKRAG",69
269,0.0,2017-09-18 02:48:05+00:00,0.0,1.0,0.0,CBSNews,Fibromyalgia: What to know about Lady Gaga's chronic condition https://t.co/8ndBU2dWvj https://t.co/8KE1KnZIvR,70
270,0.0,2017-09-18 02:33:05+00:00,0.0,1.0,0.0,CBSNews,Why a Facebook warrant could signal a turning point in Mueller's investigation https://t.co/ZXgYO0xg9Z https://t.co/Gz6wzpCBmk,71
271,-0.4588,2017-09-18 02:18:05+00:00,0.231,0.769,0.0,CBSNews,"Tom Brady at 40, and still beating the clock https://t.co/9qCozH7xgZ https://t.co/5mABqbZuO1",72
272,0.0,2017-09-18 02:03:04+00:00,0.0,1.0,0.0,CBSNews,"Nikki Haley slams North Korea's ""reckless"" behavior https://t.co/Mu14PBkbvB https://t.co/lEBTFCq13P",73
273,-0.4588,2017-09-18 01:48:05+00:00,0.188,0.812,0.0,CBSNews,Four American college students recovering after being attacked with acid in Marseille https://t.co/iZObQQ5moM https://t.co/gU9onYvQmD,74
274,0.0,2017-09-18 01:33:05+00:00,0.0,1.0,0.0,CBSNews,Tom Brady says Colin Kaepernick deserves a shot in the NFL https://t.co/1aLl7kSUO9 https://t.co/6p9PI3X5KS,75
275,0.5106,2017-09-18 01:18:06+00:00,0.0,0.708,0.292,CBSNews,Honoring the chief carver of Mount Rushmore https://t.co/VJCuihm8xX https://t.co/weOabynfQL,76
276,-0.1531,2017-09-18 01:03:05+00:00,0.257,0.526,0.217,CBSNews,Disability backlog tops 1M; thousands die on waitlist https://t.co/E6OcnDWKSH https://t.co/A905GPjmcO,77
277,0.0,2017-09-18 00:48:04+00:00,0.0,1.0,0.0,CBSNews,"Ex-British spy on leading a ""double life"" as a famous author https://t.co/eCiz64eijg https://t.co/olj1BEFlRA",78
278,-0.8271,2017-09-18 00:33:05+00:00,0.521,0.479,0.0,CBSNews,"Mark Bowden on Vietnam War's ""tragic and meaningless waste"" https://t.co/Oi1E7X1Yzp https://t.co/5amsEZ0Dzj",79
279,0.0,2017-09-18 00:18:06+00:00,0.0,1.0,0.0,CBSNews,Surveillance footage released from Illinois hotel where Kenneka Jenkins' body was discovered in a freezer‚Ä¶ https://t.co/Yhn7KtY8Cz,80
280,0.0,2017-09-18 00:03:04+00:00,0.0,1.0,0.0,CBSNews,Residents of the southern Florida Keys will start to return home after Irma https://t.co/2AYz7DMpXI https://t.co/6OL0kjI7ZU,81
281,0.0,2017-09-17 23:48:05+00:00,0.0,1.0,0.0,CBSNews,"Thousands of Houston firefighters told to stay home during Harvey, union says https://t.co/OQvIazM2KI https://t.co/2ZKGudSGQH",82
282,-0.8271,2017-09-17 23:33:04+00:00,0.521,0.479,0.0,CBSNews,"Mark Bowden on Vietnam War's ""tragic and meaningless waste"" https://t.co/JOaVFo1YPG https://t.co/NTme8ADnKp",83
283,0.0,2017-09-17 23:18:06+00:00,0.0,1.0,0.0,CBSNews,"Pres. Trump takes on North Korea, Hillary Clinton in series of tweets https://t.co/Gkn2UTy4mx https://t.co/2aFMQr13to",84
284,0.4588,2017-09-17 23:05:02+00:00,0.0,0.87,0.13,CBSNews,It's almost time for TV's biggest night. Here's how to watch the 69th annual Emmy Awards online and on TV‚Ä¶ https://t.co/tnFxyA2mUu,85
285,0.8402,2017-09-17 22:45:24+00:00,0.0,0.654,0.346,CBSNews,Hundreds of lives will be saved thanks to a Texas pizzeria that offered free slices for blood donations during a dr‚Ä¶ https://t.co/aG5e0f42KL,86
286,0.3612,2017-09-17 22:42:28+00:00,0.0,0.857,0.143,CBSNews,"Patriots quarterback Tom Brady says Colin Kaepernick deserves a spot on an NFL roster, admires him‚Ä¶ https://t.co/YoIMxE7yzg",87
287,-0.296,2017-09-17 22:00:39+00:00,0.144,0.769,0.087,CBSNews,"Four American college students ""appear to be fine"" after being attacked with acid at a Marseille train station‚Ä¶ https://t.co/tWNrKyHtDm",88
288,0.0,2017-09-17 21:20:01+00:00,0.0,1.0,0.0,CBSNews,Why a Facebook warrant could signal a turning point in Mueller's probe into Russian meddling in the 2016 election‚Ä¶ https://t.co/2KnMRKw1Sq,89
289,0.6249,2017-09-17 21:00:06+00:00,0.0,0.785,0.215,CBSNews,"Tonight, @60Minutes interviews one of the great writers of our time, John le Carr√©. https://t.co/kChLTHSPyf https://t.co/Fi7I8gRf1Z",90
290,-0.2732,2017-09-17 20:40:02+00:00,0.1,0.9,0.0,CBSNews,"U.S. ambassador to the UN Haley warned that N. Korea would be ""destroyed"" if it continued its nuclear provocations‚Ä¶ https://t.co/MHpopUsutl",91
291,0.0,2017-09-17 20:11:39+00:00,0.0,1.0,0.0,CBSNews,"Pres. Trump apparently referred to North Korea leader Kim Jong Un as ""Rocket Man"" during a series of tweets Sunday‚Ä¶ https://t.co/fQ0K41hobt",92
292,0.25,2017-09-17 19:41:02+00:00,0.0,0.895,0.105,CBSNews,Tennis legend @BillieJeanKing on 1973 ‚ÄúBattle of the Sexes‚Äù match turned film and her vision for equality‚Ä¶ https://t.co/b2uHWmpuUh,93
293,-0.7717,2017-09-17 19:20:01+00:00,0.295,0.705,0.0,CBSNews,Directors of a new documentary series on the Vietnam War said the public's distrust in political leadership evolved‚Ä¶ https://t.co/lJdXzEnBER,94
294,-0.5423,2017-09-17 19:00:08+00:00,0.179,0.821,0.0,CBSNews,Icon @Madonna opens a desperately-needed children's hospital in one of the poorest nations on earth via @CBSSunday‚Ä¶ https://t.co/zmgXSaMToA,95
295,0.0,2017-09-17 18:25:01+00:00,0.0,1.0,0.0,CBSNews,"Secretary of State Tillerson says Pres. Trump is open to staying in Paris climate accord under ""right conditions""‚Ä¶ https://t.co/TcTvanvDT7",96
296,0.2665,2017-09-17 18:05:01+00:00,0.075,0.8,0.125,CBSNews,"Sen. McCain tells @FaceTheNation N. Korea is ""probably one of the most serious"" national security crises we've face‚Ä¶ https://t.co/HUGbIl4sHU",97
297,0.4939,2017-09-17 17:45:07+00:00,0.0,0.842,0.158,CBSNews,"Tropical Storm Maria is likely to hit the Leeward Islands as a strengthening hurricane on Tuesday, forecasters say‚Ä¶ https://t.co/0wkVTo9tNR",98
298,-0.4215,2017-09-17 17:20:40+00:00,0.128,0.872,0.0,CBSNews,"Secretary of State Rex Tillerson says military option will be ""only one left"" if diplomacy fails on North Korea‚Ä¶ https://t.co/rJyam1hR3G",99
299,0.6908,2017-09-17 17:00:08+00:00,0.0,0.737,0.263,CBSNews,"Apple vs. Samsung, which new smart phone is the smarter buy? Yahoo Finance‚Äôs @Pogue compares via @CBSSunday‚Ä¶ https://t.co/ERHTlXpEGP",100
300,0.0,2017-09-18 13:00:07+00:00,0.0,1.0,0.0,nytimes,Last week the California Legislature passed 15 housing bills in an attempt to tame the state's cost of living https://t.co/EF6t7PwQT4,1
301,0.0,2017-09-18 12:50:04+00:00,0.0,1.0,0.0,nytimes,Rolling Stone is going up for sale https://t.co/XouenRPiU2,2
302,-0.5975,2017-09-18 12:37:03+00:00,0.308,0.692,0.0,nytimes,Some Emmy viewers were not interested in laughing along with Sean Spicer https://t.co/gf3Qfl1gi6,3
303,0.0258,2017-09-18 12:24:03+00:00,0.2,0.593,0.207,nytimes,"The United Nations explained: Its purpose, power and problems https://t.co/83aFIF9wtI",4
304,0.0387,2017-09-18 12:14:06+00:00,0.138,0.716,0.146,nytimes,"Opinion: ""In Trump's eyes, Barack Obama wasn't simply a bad president, he was illegitimate and inferior"" https://t.co/8MbA5Vtmh1",5
305,0.0,2017-09-18 12:00:13+00:00,0.0,1.0,0.0,nytimes,Morning¬†Briefing: Here's what you need to know to start your day https://t.co/eEvk7Ju6gN https://t.co/1AvvbaJKtR,6
306,0.6369,2017-09-18 11:52:05+00:00,0.0,0.682,0.318,nytimes,Which of these countries has the best health system? https://t.co/P23gIFPHR7,7
307,0.0,2017-09-18 11:41:04+00:00,0.0,1.0,0.0,nytimes,The Emmys figured out how to handle Trump https://t.co/Sbzj8S0XQc,8
308,-0.5719,2017-09-18 11:30:11+00:00,0.241,0.675,0.084,nytimes,Hundreds of people protested in St. Louis after a former police officer who fatally shot a black man was acquitted https://t.co/9o0qEYvW3B,9
309,0.0,2017-09-18 11:20:08+00:00,0.0,1.0,0.0,nytimes,Facebook knows more about Russia's election meddling. Shouldn‚Äôt we? https://t.co/lN6iFCNkZQ,10
310,0.4939,2017-09-18 11:11:06+00:00,0.0,0.769,0.231,nytimes,President Trump's legal team is wrestling with how much to cooperate with the special counsel https://t.co/tKwBylaNVa,11
311,0.0,2017-09-18 11:00:15+00:00,0.0,1.0,0.0,nytimes,A transcript of Stephen Colbert's Emmys opening monologue https://t.co/LJ2CiAcbQ8,12
312,0.0,2017-09-18 10:53:02+00:00,0.0,1.0,0.0,nytimes,The impossible bind of sheriffs navigating Trump's immigration crackdown https://t.co/4QZ2KFd2Xb,13
313,-0.6705,2017-09-18 10:45:05+00:00,0.277,0.723,0.0,nytimes,"Despite warnings, there is no evidence that Washington ever moved with urgency to cut off N.Korea's access to a fuel https://t.co/cYfjCrhekn",14
314,0.0,2017-09-18 10:30:05+00:00,0.0,1.0,0.0,nytimes,Morning¬†Briefing: Here's what you need to know to start your day https://t.co/BjGTKcBpM4 https://t.co/T5xG1bl05Q,15
315,-0.2023,2017-09-18 10:15:10+00:00,0.153,0.847,0.0,nytimes,Some accuse Italy of paying off Libya's most rapacious warlords https://t.co/0I9QupW8qe,16
316,0.0,2017-09-18 10:00:18+00:00,0.0,1.0,0.0,nytimes,The radicalization of a new generation of Rohingya adds fuel to an already combustible situation in Myanmar https://t.co/TpgKcGDjrz,17
317,0.5719,2017-09-18 09:45:09+00:00,0.0,0.844,0.156,nytimes,RT @nytimesworld: Pakistan's former prime minister was thrown out seven weeks ago. His wife won his assembly seat on Sunday. https://t.co/d‚Ä¶,18
318,0.0,2017-09-18 09:30:05+00:00,0.0,1.0,0.0,nytimes,"President Trump, Emmy punching bag https://t.co/0ZhyqQ8QgN",19
319,-0.6486,2017-09-18 09:15:05+00:00,0.249,0.751,0.0,nytimes,"A location scout for the Netflix series ""Narcos"" was found shot dead in Mexico https://t.co/yCP6MkTXYK",20
320,-0.5975,2017-09-18 08:59:05+00:00,0.308,0.692,0.0,nytimes,Some Emmy viewers were not interested in laughing along with Sean Spicer https://t.co/WWrshUHeWy,21
321,-0.4588,2017-09-18 08:45:09+00:00,0.167,0.833,0.0,nytimes,Four American college students were attacked with acid by a woman at a train station in Marseille https://t.co/bsRYsGSyfc,22
322,-0.6486,2017-09-18 08:30:15+00:00,0.306,0.694,0.0,nytimes,"After 50 years, Rolling Stone is bowing to the pressures of a troubled industry https://t.co/tCPQqD99Uu",23
323,0.0,2017-09-18 08:15:05+00:00,0.0,1.0,0.0,nytimes,Opinion: What punk rock meant to Communist Yugoslavia https://t.co/ZfwthHMoYg,24
324,0.128,2017-09-18 07:55:02+00:00,0.0,0.927,0.073,nytimes,"Maria is now officially a hurricane, and the feeling in the Caribbean can be summed up with one word: Again? https://t.co/LtqBlSa4Um",25
325,-0.2023,2017-09-18 07:40:07+00:00,0.097,0.84,0.063,nytimes,RT @peterbakernyt: Inside the tension in the White House legal team over how to respond to Mueller requests for documents. @kenvogel https:‚Ä¶,26
326,0.0,2017-09-18 07:25:02+00:00,0.0,1.0,0.0,nytimes,"Not long ago, he was a scrawny junior high school dropout. Now he is one of China‚Äôs best-known live-streaming stars. https://t.co/nO6KWQed0K",27
327,-0.5213,2017-09-18 07:11:32+00:00,0.179,0.821,0.0,nytimes,RT @nytimesbusiness: ‚ÄúWe‚Äôre here. We‚Äôre working. We exist. The problem is the organization not making the adequate effort to include us‚Äù ht‚Ä¶,28
328,0.0,2017-09-18 06:55:07+00:00,0.0,1.0,0.0,nytimes,A rare white giraffe and her pale baby calf were spotted in Kenya and captured on video https://t.co/A2qs1mJ36N,29
329,-0.2023,2017-09-18 06:40:09+00:00,0.076,0.924,0.0,nytimes,Is Italy paying off Libyan warlords to stall the flow of migrants to its shores? It would not be the first time. https://t.co/clDTPsB3jg,30
330,0.0,2017-09-18 06:22:04+00:00,0.0,1.0,0.0,nytimes,RT @nytopinion: Tony Blair and Nigel Farage are facing off as nemeses over where Britain will go next https://t.co/pRqmWZOwzo,31
331,0.0,2017-09-18 06:10:04+00:00,0.0,1.0,0.0,nytimes,"Nikki Haley says Trump will make ""quite an impact"" at the U.N. this week. But what impact has she had on him? https://t.co/wHKyISdyXl",32
332,-0.25,2017-09-18 05:55:04+00:00,0.111,0.889,0.0,nytimes,"‚ÄúS.N.L.,‚Äù with 9 Emmys, symbolized the mood of quiet protest and benefited from the unquiet political situation https://t.co/3s6LDRjYqX",33
333,0.3818,2017-09-18 05:45:05+00:00,0.0,0.88,0.12,nytimes,RT @paulmozur: Facebook as a geopolitical actor. Our look at how it has developed a diplomatic wing to foster growth overseas. https://t.co‚Ä¶,34
334,0.0,2017-09-18 05:35:02+00:00,0.0,1.0,0.0,nytimes,The radicalization of a new generation of Rohingya Muslims adds fuel to an already combustible situation in Myanmar https://t.co/MfwhEVPxhO,35
335,0.4019,2017-09-18 05:20:05+00:00,0.0,0.87,0.13,nytimes,Prime Minister Shinzo Abe in @nytopinion: I firmly support the U.S. position that all options are on the table https://t.co/GOjrD9DQDU,36
336,0.7269,2017-09-18 05:10:07+00:00,0.0,0.567,0.433,nytimes,A complete list of winners of the 2017 Emmy Awards https://t.co/PZHCI65jVu,37
337,-0.6908,2017-09-18 04:56:39+00:00,0.32,0.68,0.0,nytimes,"Police: ‚ÄúFor now, nothing suggests that this was a terrorist attack‚Äù https://t.co/gZzwEAugOs",38
338,0.0,2017-09-18 04:40:04+00:00,0.0,1.0,0.0,nytimes,"A full transcript of Stephen Colbert‚Äôs Emmys monologue, which featured swipe after swipe against President Trump https://t.co/JsIFshvc0F",39
339,0.0,2017-09-18 04:29:56+00:00,0.0,1.0,0.0,nytimes,Jann Wenner is ending his half-century reign over Rolling Stone ‚Äî the magazine is going up for sale https://t.co/GA3Svr0WEm,40
340,0.0,2017-09-18 04:25:05+00:00,0.0,1.0,0.0,nytimes,50 years of Rolling Stone https://t.co/gokdahLa7d,41
341,0.4588,2017-09-18 04:10:03+00:00,0.0,0.812,0.188,nytimes,"A transcript of Lena Waithe's moving Emmy acceptance speech for ""Master of None"" https://t.co/MXnKWPTjQn https://t.co/H43II8FiLU",42
342,0.0,2017-09-18 03:55:02+00:00,0.0,1.0,0.0,nytimes,Photos from the Emmys red carpet https://t.co/avJnCllM14,43
343,-0.6486,2017-09-18 03:30:55+00:00,0.212,0.788,0.0,nytimes,"Carlos Mu√±oz Portal, a location scout for the Netflix series ‚ÄúNarcos,‚Äù was found shot dead in Mexico https://t.co/UkmgHCYoPD",44
344,-0.4201,2017-09-18 03:16:04+00:00,0.212,0.644,0.144,nytimes,"Donald Glover, in Emmy speech: ""I want to thank Trump for making black people No. 1 on the most oppressed list"" https://t.co/vUysmOtFEL",45
345,0.9601,2017-09-18 03:07:30+00:00,0.0,0.45,0.55,nytimes,‚ÄúThe Handmaid‚Äôs Tale‚Äù won best drama and ‚ÄúVeep‚Äù won best comedy at an Emmys that was dominated by politics https://t.co/9Ehup4QBFh,46
346,0.7269,2017-09-18 03:04:11+00:00,0.0,0.567,0.433,nytimes,A complete list of winners of the 2017 Emmy Awards https://t.co/8xjZEneuvV,47
347,0.0,2017-09-18 03:02:31+00:00,0.0,1.0,0.0,nytimes,"Margaret Atwood, on what ""The Handmaid's Tale"" means in the age of Trump https://t.co/ydrW9nEu13 via @nytimesbooks",48
348,0.836,2017-09-18 02:59:38+00:00,0.0,0.559,0.441,nytimes,"""The Handmaid's Tale"" just won the Emmy for best drama series https://t.co/NP8Qqn84zE",49
349,0.0,2017-09-18 02:56:03+00:00,0.0,1.0,0.0,nytimes,"Elisabeth Moss, on ""The Handmaid's Tale"": ""We never knew that it was going to be this relevant"" https://t.co/pXKmtU99zt",50
350,0.0,2017-09-18 02:52:49+00:00,0.0,1.0,0.0,nytimes,How Sterling K. Brown finally got a seat at the Emmy table https://t.co/omDgjAIcKy,51
351,0.836,2017-09-18 02:52:19+00:00,0.0,0.622,0.378,nytimes,"Sterling K. Brown wins best lead actor in a drama series for ""This Is Us"" https://t.co/jK1cVwJvT1",52
352,0.7096,2017-09-18 02:51:35+00:00,0.0,0.576,0.424,nytimes,"Okay, but is heaven a place on earth, or...? https://t.co/71tprYzKJ7 https://t.co/2QEMvULJl3",53
353,0.0,2017-09-18 02:44:17+00:00,0.0,1.0,0.0,nytimes,"Southern mothers. Brown lipstick. Red Vines. ""Big Little Lies."" https://t.co/xV6zqQP75A",54
354,0.4588,2017-09-18 02:41:43+00:00,0.0,0.833,0.167,nytimes,"Though he wasn‚Äôt in the building, President Trump had a large presence at the Emmy Awards https://t.co/md4adrASKy",55
355,0.4019,2017-09-18 02:35:17+00:00,0.0,0.802,0.198,nytimes,"With ""Big Little Lies,"" Nicole Kidman helped ensure that complicated stories about women reach the screen https://t.co/q0p2fBCgC4",56
356,0.3182,2017-09-18 02:32:51+00:00,0.13,0.728,0.142,nytimes,"Riz Ahmed just won an Emmy for ""The Night Of."" But he had no plans to leave a budding rap career behind. https://t.co/82t6DGmR5x",57
357,-0.0516,2017-09-18 02:26:31+00:00,0.066,0.934,0.0,nytimes,"""In seriousness, I have to wonder if there is some Trump-motivated voting going on""
‚Äî@poniewozik on the Emmys: https://t.co/xQI5vjARa9",58
358,0.5859,2017-09-18 02:20:16+00:00,0.0,0.787,0.213,nytimes,"Julia Louis-Dreyfus just set a record with her Emmy win for her role in ""Veep"" https://t.co/QxaLn1XiBQ",59
359,-0.8126,2017-09-18 02:19:39+00:00,0.375,0.625,0.0,nytimes,An angry confrontation. Fears of recordings. Trump‚Äôs lawyers are clashing over cooperating with the Russia inquiry. https://t.co/BMySEN0PV7,60
360,0.7351,2017-09-18 02:15:23+00:00,0.0,0.64,0.36,nytimes,"Donald Glover wins the Emmy for lead actor in a comedy for ""Atlanta"" https://t.co/R1mb0b8fWs",61
361,0.4767,2017-09-18 02:10:04+00:00,0.0,0.693,0.307,nytimes,A running list of winners of the Emmys https://t.co/PjbpgEzefS,62
362,0.4588,2017-09-18 02:02:24+00:00,0.0,0.824,0.176,nytimes,"A transcript of Lena Waithe's acceptance speech for the Thanksgiving episode of ""Master of None"" https://t.co/5WuM1GvleW",63
363,0.5719,2017-09-18 01:48:14+00:00,0.0,0.821,0.179,nytimes,"Reed Morano, who just won an Emmy for directing ""The Handmaid's Tale,"" on directing ""The Handmaid's Tale"" https://t.co/d0fna5sufF",64
364,0.7713,2017-09-18 01:36:32+00:00,0.0,0.74,0.26,nytimes,"What you should read about the most interesting episodes of ""Master of None,"" including the one that won an Emmy https://t.co/9pGraBamMU",65
365,0.0,2017-09-18 01:35:06+00:00,0.0,1.0,0.0,nytimes,"A full transcript of Stephen Colbert‚Äôs Emmys monologue, which featured swipe after swipe against President Trump https://t.co/1a5rmoESvO",66
366,0.0,2017-09-18 01:31:14+00:00,0.0,1.0,0.0,nytimes,From 2015: Ann Dowd is having a moment. That moment has taken its time arriving. https://t.co/rMp7WEIore,67
367,0.4939,2017-09-18 01:21:04+00:00,0.0,0.769,0.231,nytimes,President Trump‚Äôs legal team is wrestling with how much to cooperate with the special counsel https://t.co/nOu9fYXSYu,68
368,0.6037,2017-09-18 01:20:23+00:00,0.0,0.785,0.215,nytimes,"RT @kenvogel: SCOOP: Don McGahn scolded Ty Cobb for discussing Russia investigation at DC steakhouse, where @nytimes overheard it. https://‚Ä¶",69
369,0.4767,2017-09-18 01:13:33+00:00,0.0,0.829,0.171,nytimes,"A running list of winners of the Emmys, which is all of us, because Dolly Parton https://t.co/uxAX75KcVH",70
370,0.0,2017-09-18 01:12:12+00:00,0.0,1.0,0.0,nytimes,"The NYT review of ""Big Little Lies,"" which just picked up 2 Emmys https://t.co/W4XcPCsFPW",71
371,0.6705,2017-09-18 00:56:57+00:00,0.0,0.766,0.234,nytimes,"Alec Baldwin, who just won an Emmy for playing Trump: ""At long last, Mr. President, here is your Emmy"" https://t.co/PBt3aZA8oA",72
372,0.3182,2017-09-18 00:53:23+00:00,0.0,0.874,0.126,nytimes,"The ‚ÄúHandmaid‚Äôs Tale,‚Äù starring Elisabeth Moss and based on Margaret Atwood‚Äôs dystopian novel, arrived with a jolt https://t.co/rD3i0myc36",73
373,0.34,2017-09-18 00:49:45+00:00,0.0,0.862,0.138,nytimes,Stephen Colbert sang. He lampooned celebrities. And then he shared the stage with Sean Spicer. https://t.co/wOpNjAcea7,74
374,0.0,2017-09-18 00:42:02+00:00,0.0,1.0,0.0,nytimes,"Southern mothers. Brown lipstick. Red Vines. ""Big Little Lies."" https://t.co/7wd87uhYkR",75
375,0.4767,2017-09-18 00:35:06+00:00,0.0,0.693,0.307,nytimes,A running list of winners of the Emmys https://t.co/NNAVTBK03A,76
376,0.0,2017-09-18 00:27:43+00:00,0.165,0.67,0.165,nytimes,"Kate McKinnon, who just won her second Emmy, prides herself on being ""tragically uncool."" From 2016:‚Ä¶ https://t.co/IzoooF4u5y",77
377,0.5434,2017-09-18 00:23:45+00:00,0.0,0.756,0.244,nytimes,"Sean Spicer, on Melissa McCarthy's impression of him: ""I thought that was kind of funny"" https://t.co/14rXPW1gvV",78
378,0.765,2017-09-18 00:19:50+00:00,0.0,0.708,0.292,nytimes,"John Lithgow won the Emmy for supporting actor in a drama for his role in ""The Crown"" https://t.co/R1QShOO4TZ https://t.co/R1QShOO4TZ",79
379,0.0,2017-09-18 00:12:32+00:00,0.0,1.0,0.0,nytimes,RT @melbournecoal: Jann Wenner is ending his half-century reign over Rolling Stone ‚Äî the magazine is going up for sale https://t.co/5evGGzY‚Ä¶,80
380,0.3612,2017-09-18 00:07:53+00:00,0.0,0.872,0.128,nytimes,"Stephen Colbert, to Trump: ""Hello, sir, thank you for joining us. Looking forward to the tweets."" https://t.co/RXZlHrw5Fc #Emmys",81
381,0.0,2017-09-18 00:03:32+00:00,0.0,1.0,0.0,nytimes,"""First 'Confederate' reference. Drink!"" ‚Äî@poniewozik on this Emmys opener: https://t.co/p6dM5Hu5zh",82
382,0.6696,2017-09-17 23:55:05+00:00,0.0,0.744,0.256,nytimes,"The Emmy Awards are about to begin! Join @gilbertcruz, @margeincharge and @poniewozik  for live updates &amp; analysis. https://t.co/PApOpTB0X7",83
383,0.4588,2017-09-17 23:35:43+00:00,0.0,0.842,0.158,nytimes,"See what the stars are wearing at tonight's Emmy Awards, and follow @NYTFashion for the latest‚Ä¶ https://t.co/xL081t82cF",84
384,0.0,2017-09-17 23:13:00+00:00,0.0,1.0,0.0,nytimes,"RT @NYTFashion: Aw, it's the @Stranger_Things crew #Emmys https://t.co/uTmaH83V6N https://t.co/bCTjs4PhJ9",85
385,-0.0183,2017-09-17 23:10:58+00:00,0.164,0.675,0.161,nytimes,How Russia built one of the most powerful information weapons of the 21st century https://t.co/S1snwUcZeL,86
386,0.4588,2017-09-17 23:05:50+00:00,0.0,0.833,0.167,nytimes,RT @nytimesarts: The Emmy Awards are in an hour. Here is what to watch for. https://t.co/cO7bNEIyiM,87
387,0.0,2017-09-17 22:52:05+00:00,0.0,1.0,0.0,nytimes,"RT @NYTFashion: ""Vera Wang made this dress just for me."" ‚Äî @IssaRae https://t.co/n51jbmjNrP https://t.co/y7vN1be3PX",88
388,0.0,2017-09-17 22:38:40+00:00,0.0,1.0,0.0,nytimes,RT @NYTFashion: See what the stars are wearing at tonight's #Emmys https://t.co/4d9VMX0VaZ,89
389,0.0,2017-09-17 22:32:49+00:00,0.0,1.0,0.0,nytimes,Photos from the Emmys red carpet https://t.co/uCxELBuHar,90
390,0.4215,2017-09-17 22:28:47+00:00,0.052,0.769,0.179,nytimes,"Serious work awaits the president, but on Sunday the temptation to share a fan‚Äôs GIF was too much to resist https://t.co/hOitPoX89D",91
391,0.0,2017-09-17 22:12:04+00:00,0.0,1.0,0.0,nytimes,The Emmys are tonight. Here's what we'll be watching for. https://t.co/6g5hn0UbTM,92
392,0.0,2017-09-17 22:05:10+00:00,0.0,1.0,0.0,nytimes,Knife-Throwing as a Sport: Who Would Have Thunk It? https://t.co/T48BPNw9Vo,93
393,-0.34,2017-09-17 22:00:19+00:00,0.13,0.87,0.0,nytimes,"A lifeguard unskilled at sign language gave crucial evacuation orders to deaf Floridians, warning of ""bear monster"" https://t.co/fdirf7CgRZ",94
394,-0.6705,2017-09-17 21:52:03+00:00,0.277,0.723,0.0,nytimes,"Despite warnings, there is no evidence that Washington ever moved with urgency to cut off N.Korea's access to a fuel https://t.co/9pS6IEDaHr",95
395,0.1655,2017-09-17 21:45:07+00:00,0.0,0.887,0.113,nytimes,.@ManohlaDargis on Harry Dean Stanton: a symbol of cool but also of screen authenticity https://t.co/uGpKA3CS0g,96
396,0.0,2017-09-17 21:30:13+00:00,0.0,1.0,0.0,nytimes,"Colleges, even with affirmative action, can‚Äôt seem to enroll freshman classes as diverse as the national population https://t.co/TdUuw6NWv5",97
397,0.0,2017-09-17 21:15:12+00:00,0.0,1.0,0.0,nytimes,"A small industry of food vendors caters to the thousands of commuters from Tijuana, Mexico, into the U.S. #Daily360‚Ä¶ https://t.co/z6duIyRtXE",98
398,-0.296,2017-09-17 21:00:13+00:00,0.095,0.905,0.0,nytimes,An NYT reader's reaction to the case of a baker who refused to use his skills to make a cake for a same-sex wedding‚Ä¶ https://t.co/92nZWoMD2E,99
399,0.1531,2017-09-17 20:45:05+00:00,0.0,0.897,0.103,nytimes,"With climate change warming the waters, is jellyfish the new chicken of the sea?
 https://t.co/VIZtKvxRvH",100
400,0.1027,2017-09-18 12:54:16+00:00,0.096,0.792,0.113,FoxNews,"Sabine Durden: ""I will stand with my president. I fought for him, I elected him. There are things I wish we would b‚Ä¶ https://t.co/E3J7ugVjpC",1
401,-0.7152,2017-09-18 12:47:12+00:00,0.374,0.626,0.0,FoxNews,JUST IN: 2 More Navy Officers Fired Over Deadly Naval Ship Collisions https://t.co/R9vbHKTcMt,2
402,0.25,2017-09-18 12:38:01+00:00,0.0,0.889,0.111,FoxNews,".@newtgingrich: ""[@POTUS's] vision of sovereignty and of America as a unique nation is legitimate and doesn't threa‚Ä¶ https://t.co/TdLMNk9XkI",3
403,0.1779,2017-09-18 12:33:15+00:00,0.0,0.841,0.159,FoxNews,.@sendavidperdue Wants Tougher Immigration Language in Any DACA Deal https://t.co/oUXsFYBJ73,4
404,0.7269,2017-09-18 12:12:03+00:00,0.0,0.724,0.276,FoxNews,".@MarkSteynOnline on the #Emmys: ""When everything is political... you can't even have the small shared pleasure of‚Ä¶ https://t.co/ywD49VoY6u",5
405,-0.4939,2017-09-18 12:00:56+00:00,0.151,0.849,0.0,FoxNews,A @usairforce B-1B bomber drops a bomb as it flies over the Korean Peninsula during joint drills with South Korea. https://t.co/umRbreqlES,6
406,0.3612,2017-09-18 11:38:12+00:00,0.0,0.857,0.143,FoxNews,".@KellyannePolls on @POTUS's speech to UNGA: ""President Trump will be promoting peace... sovereignty and accountabi‚Ä¶ https://t.co/EpJNUkN1Go",7
407,0.0,2017-09-18 11:29:07+00:00,0.0,1.0,0.0,FoxNews,".@WatchChad: The #Emmys are ""pulling families together, because people are turning their TVs off."" https://t.co/175eZQNTQr",8
408,0.0,2017-09-18 11:26:18+00:00,0.0,1.0,0.0,FoxNews,"Biblical prophecy claims the world will end on Sept. 23, Christian numerologists claim https://t.co/WY6nSsiDIF",9
409,-0.5423,2017-09-18 11:18:11+00:00,0.171,0.829,0.0,FoxNews,NY Times reporter slammed after saying boy mowing White House lawn sends bad signal on child labor https://t.co/HBumslXDIe,10
410,0.8555,2017-09-18 11:13:54+00:00,0.0,0.539,0.461,FoxNews,Last night Kate McKinnon thanked @HillaryClinton during her #Emmy Award acceptance speech. https://t.co/U17MSWEJFR https://t.co/pFXv0BEKsb,11
411,0.0,2017-09-18 11:01:12+00:00,0.0,1.0,0.0,FoxNews,"On this day in 1793, George Washington laid the cornerstone to the US Capitol building. The building would take nea‚Ä¶ https://t.co/RvZep3jDZa",12
412,0.0,2017-09-18 10:51:31+00:00,0.0,1.0,0.0,FoxNews,".@sendavidperdue: ""[@POTUS] said, 'we're going to build a wall.' We will build that wall."" https://t.co/H5YfviJV9t",13
413,0.0,2017-09-18 10:48:05+00:00,0.0,1.0,0.0,FoxNews,The RAISE Act https://t.co/3pDozYBtMH,14
414,-0.6124,2017-09-18 10:38:42+00:00,0.174,0.826,0.0,FoxNews,"Kent Haeffner Harvard Junior: Chelsea Manning is ""a convicted felon who has betrayed our country and that's what th‚Ä¶ https://t.co/EQnvO5HzNs",15
415,0.0,2017-09-18 10:11:25+00:00,0.0,1.0,0.0,FoxNews,Former press secretary @seanspicer makes cameo appearance at the #Emmys https://t.co/U17MSWWl4r https://t.co/qkJZhFT38C,16
416,0.4019,2017-09-18 09:57:06+00:00,0.0,0.876,0.124,FoxNews,Members of the @Jaguars help Hurricane Irma first responders hold the American flag during the singing of the natio‚Ä¶ https://t.co/AJ7SjPigSI,17
417,0.9224,2017-09-18 09:52:03+00:00,0.0,0.62,0.38,FoxNews,".@NateBoyer37: ""It is a free country but at the end of the day it's free because of who laid down that great sacrif‚Ä¶ https://t.co/gGvfLwOMQu",18
418,0.0,2017-09-18 09:46:37+00:00,0.0,1.0,0.0,FoxNews,"This photo shows the moment just before sunrise from a campsite on the Appalachian Trail in Beans Purchase, N.H. https://t.co/jVZIXwHlJV",19
419,0.4588,2017-09-18 09:43:08+00:00,0.0,0.7,0.3,FoxNews,Tropical Storm Maria strengthens into hurricane https://t.co/ok1KbXD2Ip https://t.co/0hdSBiGilW,20
420,0.0,2017-09-18 09:35:16+00:00,0.0,1.0,0.0,FoxNews,Trump to speak at U.N. General Assembly on Tuesday https://t.co/zayTn8BreA,21
421,-0.6124,2017-09-18 09:30:08+00:00,0.333,0.667,0.0,FoxNews,80 arrested in St. Louis protests over police officer‚Äôs acquittal https://t.co/AsK7IOxWJ6 https://t.co/1MyTR0TtIG,22
422,-0.0834,2017-09-18 09:12:34+00:00,0.173,0.671,0.155,FoxNews,"Acid attack on 4 US students not seen as terror act, France says https://t.co/XecBzQjWZk https://t.co/cwIuPlKT8j",23
423,-0.6124,2017-09-18 09:08:58+00:00,0.357,0.643,0.0,FoxNews,80 arrested in St. Louis protests over police officer‚Äôs acquittal https://t.co/AsK7IOxWJ6,24
424,-0.34,2017-09-18 08:25:43+00:00,0.194,0.806,0.0,FoxNews,Sign language interpreter reportedly issued ‚Äòpizza‚Äô warning During Irma update https://t.co/VxI0r5OzlQ,25
425,0.0,2017-09-18 07:48:52+00:00,0.0,1.0,0.0,FoxNews,Chelsea Manning Tells Audience: I Am Not an ‚ÄòAmerican Traitor‚Äô https://t.co/X9xxDloy1l,26
426,-0.4215,2017-09-18 07:00:01+00:00,0.189,0.811,0.0,FoxNews,Woman fakes seizure during robbery attempt; learned move from ‚ÄòLaw &amp; Order‚Äô https://t.co/rR8GvUmrAV,27
427,0.0,2017-09-18 06:30:01+00:00,0.0,1.0,0.0,FoxNews,Russia and China Notably Absent at UN Reform Powwow https://t.co/8SwQI2kpbx,28
428,-0.0834,2017-09-18 05:58:32+00:00,0.184,0.652,0.164,FoxNews,"Acid attack on 4 US students not seen as terror act, France says https://t.co/XecBzQBxQS",29
429,-0.6486,2017-09-18 05:30:00+00:00,0.323,0.677,0.0,FoxNews,Georgia Tech student shot dead by police on campus https://t.co/mzFGpxSBlg,30
430,-0.5423,2017-09-18 05:00:02+00:00,0.171,0.829,0.0,FoxNews,NY Times reporter slammed after saying boy mowing White House lawn sends bad signal on child labor https://t.co/HBumslG2jE,31
431,0.4404,2017-09-18 04:30:00+00:00,0.0,0.805,0.195,FoxNews,"McMaster: Trump better without Bannon, others who pushed their ‚Äòown narrow agendas‚Äô https://t.co/JoLvcZ8HYI",32
432,-0.5859,2017-09-18 04:00:00+00:00,0.213,0.787,0.0,FoxNews,Former Sheriff Joe Arpaio fires back at judge in his contempt case https://t.co/4q8LSKz9Az via @AndrewCraft,33
433,0.0,2017-09-18 03:37:04+00:00,0.0,1.0,0.0,FoxNews,"Listen up, UN -- Trump means what he's telling you https://t.co/Oa2r7tP6tj",34
434,0.8555,2017-09-18 02:53:51+00:00,0.0,0.489,0.511,FoxNews,Kate McKinnon thanked @HillaryClinton during her #Emmy Award acceptance speech. https://t.co/U17MSWWl4r https://t.co/x6CcnR2GDA,35
435,0.1531,2017-09-18 02:50:08+00:00,0.158,0.598,0.245,FoxNews,Acquitted St. Louis officer Stockley speaks out: 'Feels like a burden has been lifted' https://t.co/jVBgSbDPPY,36
436,-0.836,2017-09-18 02:41:01+00:00,0.426,0.574,0.0,FoxNews,St. Louis Police Shooting Protests Escalate into Violence for 3rd Night; Multiple Arrests Made https://t.co/rAK8NeoOul,37
437,0.0,2017-09-18 02:24:51+00:00,0.0,1.0,0.0,FoxNews,IT Cosmetics CEO told she was too fat to sell makeup  https://t.co/IYoD1dEyGN,38
438,-0.5106,2017-09-18 02:20:12+00:00,0.231,0.769,0.0,FoxNews,Tillerson Considers Closing Embassy in Havana Where Diplomats Mysteriously Got Sick https://t.co/NsKbM1EmkO,39
439,0.1531,2017-09-18 02:15:35+00:00,0.0,0.922,0.078,FoxNews,".@TomiLahren on universal basic income: ""If an iPad can replace you, be careful how you feel about minimum wage.""‚Ä¶ https://t.co/4SVHXLUZuo",40
440,0.3612,2017-09-18 02:12:21+00:00,0.0,0.884,0.116,FoxNews,"Ruben Navarrette on universal basic income: ""If they had that incentive they wouldn't need the handout in the first‚Ä¶ https://t.co/yrKbBkcumx",41
441,-0.3182,2017-09-18 02:06:30+00:00,0.133,0.867,0.0,FoxNews,"Ruben Navarrette on universal basic income: ""There's a tension that exists around the idea of incentive.""‚Ä¶ https://t.co/OWD5M3H3NC",42
442,0.5106,2017-09-18 02:04:51+00:00,0.0,0.864,0.136,FoxNews,"Ruben Navarrette on universal basic income: ""We should just call it by its proper name, this is free money. This is‚Ä¶ https://t.co/y4vzkkcZkx",43
443,0.0,2017-09-18 01:55:54+00:00,0.0,1.0,0.0,FoxNews,Former press secretary @seanspicer makes cameo appearance at the #Emmys https://t.co/U17MSWWl4r https://t.co/EZB2DQlHV2,44
444,0.4939,2017-09-18 01:50:30+00:00,0.0,0.824,0.176,FoxNews,".@LucyFlores on universal basic income: ""They idea isn't that we're taking care of everybody."" @NextRevFNC https://t.co/8AkjO6TpBS",45
445,0.0,2017-09-18 01:37:59+00:00,0.0,1.0,0.0,FoxNews,".@TomiLahren on @POTUS working with Dems: ""He's having to go to the Democrats because he wants to get something don‚Ä¶ https://t.co/7qyXNrlRhn",46
446,-0.802,2017-09-18 01:22:12+00:00,0.375,0.625,0.0,FoxNews,"Utah mom killed, daughters injured when teen boy driver swerves into oncoming traffic https://t.co/wagJimLHve",47
447,-0.5423,2017-09-18 01:21:42+00:00,0.171,0.829,0.0,FoxNews,NY Times reporter slammed after saying boy mowing White House lawn sends bad signal on child labor https://t.co/sFPblxJPSC,48
448,0.0516,2017-09-18 01:20:43+00:00,0.123,0.746,0.132,FoxNews,"RT @Fox411: Emmy Awards 2017: Stephen Colbert, Alec Baldwin and Sean Spicer all turn out to mock Trump https://t.co/jyLVQGM8tk",49
449,0.0,2017-09-18 01:16:42+00:00,0.0,1.0,0.0,FoxNews,Russia and China Notably Absent at UN Reform Powwow https://t.co/M6EL6bpS6T,50
450,0.0,2017-09-18 00:56:08+00:00,0.0,1.0,0.0,FoxNews,WWE Star Bobby ‚ÄòThe Brain‚Äô Heenan Dies https://t.co/aND9X69V9h,51
451,0.0,2017-09-18 00:55:27+00:00,0.0,1.0,0.0,FoxNews,Oklahoma Police Officers Shot While Serving a Search Warrant https://t.co/jaxyToAcfx,52
452,-0.4588,2017-09-18 00:45:18+00:00,0.273,0.727,0.0,FoxNews,.@StephenAtHome mocks @realDonaldTrump during #Emmys opening monologue https://t.co/U17MSWWl4r https://t.co/oXSbZK5hne,53
453,0.0,2017-09-18 00:30:01+00:00,0.0,1.0,0.0,FoxNews,".@HarveyLevinTMZ interviews Judge Judy on the premiere of ""OBJECTified‚Äù now on Fox News Channel. https://t.co/D7nNAbf483",54
454,0.0,2017-09-18 00:09:38+00:00,0.0,1.0,0.0,FoxNews,".@JudgeJudy: ""In my first year of the Washington College of Law, 126 [students] and I was the only woman.""‚Ä¶ https://t.co/8Vo2QqKuaA",55
455,0.0,2017-09-18 00:06:09+00:00,0.0,1.0,0.0,FoxNews,Trump Organization lawyer to talk with Senate Intel Committee https://t.co/r1gWFocoAS,56
456,0.25,2017-09-18 00:05:39+00:00,0.0,0.833,0.167,FoxNews,".@HarveyLevinTMZ discusses how he created the new series ""OBJECTified"" https://t.co/HdqMfrI9Ph https://t.co/rzud7SjSHj",57
457,0.0,2017-09-18 00:00:02+00:00,0.0,1.0,0.0,FoxNews,"TUNE IN NOW for a revealing interview with Judge Judy on the premiere of ""OBJECTified,"" hosted by @HarveyLevinTMZ. https://t.co/KDiDh8RsCu",58
458,0.4588,2017-09-17 23:47:15+00:00,0.0,0.7,0.3,FoxNews,Police think 2 Louisiana slayings likely racially motivated https://t.co/4JsgPh1pMv,59
459,-0.6908,2017-09-17 23:44:36+00:00,0.251,0.749,0.0,FoxNews,"On ""The Cost of Freedom,"" Ben Stein assailed celebrities accusing @POTUS and the country itself of being racist. https://t.co/9wuzqtZ3Rv",60
460,-0.4588,2017-09-17 23:38:47+00:00,0.176,0.824,0.0,FoxNews,"4 American tourists attacked with acid in Marseille's train station ID'd as Boston College students
 https://t.co/VBaK4MsQFG",61
461,0.3818,2017-09-17 23:30:56+00:00,0.0,0.894,0.106,FoxNews,RT @EricShawnTV: How to protect yourself in the #Equifax hack: Watch my segment with Gene Marks @FoxNews on what you should do: https://t.c‚Ä¶,62
462,0.0,2017-09-17 23:26:57+00:00,0.0,1.0,0.0,FoxNews,"Florida recovers, rests, reflects in wake of Hurricane Irma https://t.co/bLFzRBYgva",63
463,0.0,2017-09-17 23:26:41+00:00,0.0,1.0,0.0,FoxNews,"Florida Keys residents begin returning home after Hurricane Irma, @MattFinnFNC reports https://t.co/bLFzRBYgva https://t.co/dEZnTiSpP7",64
464,-0.5859,2017-09-17 23:21:38+00:00,0.241,0.759,0.0,FoxNews,Former Sheriff Joe Arpaio fires back at judge in his contempt case https://t.co/cRPz84HbjF,65
465,0.25,2017-09-17 23:02:06+00:00,0.107,0.73,0.163,FoxNews,MO Governor on St. Louis Protests: Only Safe Space for Looters Is a Jail Cell https://t.co/ApFlKp7uIo,66
466,0.7171,2017-09-17 23:00:05+00:00,0.0,0.77,0.23,FoxNews,They‚Äôre some of the most influential figures in the world. Get ready for a side of them you‚Äôve never seen! Watch OB‚Ä¶ https://t.co/Yr8qh151oo,67
467,0.5859,2017-09-17 22:39:18+00:00,0.0,0.789,0.211,FoxNews,"Katie Glueck: ""A border wall was the central campaign promise of [@POTUS] campaign.... a lot of people would like t‚Ä¶ https://t.co/X3ud9aHPGt",68
468,-0.743,2017-09-17 22:17:57+00:00,0.512,0.488,0.0,FoxNews,Lawsuit filed in Florida nursing home tragedy https://t.co/XhXbfq0DqX,69
469,-0.6369,2017-09-17 22:07:02+00:00,0.181,0.819,0.0,FoxNews,A St. Louis protester stands on a Thin Blue Line Flag amid the acquittal of a white police officer who fatally shot‚Ä¶ https://t.co/WmCcgYOLhE,70
470,0.0,2017-09-17 22:00:05+00:00,0.0,1.0,0.0,FoxNews,"Tonight 8p ET: Watch a revealing interview w/ Judge Judy on the premiere of ""OBJECTified,"" hosted by‚Ä¶ https://t.co/dUTBbia6HK",71
471,0.4588,2017-09-17 21:41:46+00:00,0.0,0.667,0.333,FoxNews,Tropical Storm Maria strengthens into hurricane https://t.co/54Tg3WaTnl,72
472,-0.2023,2017-09-17 21:36:45+00:00,0.153,0.847,0.0,FoxNews,Fort Bragg soldiers charged in deadly NC parking lot shooting https://t.co/kyW5BwmtaU,73
473,0.0,2017-09-17 21:11:06+00:00,0.0,1.0,0.0,FoxNews,"RT @EricShawnTV: Board North Korean ships, says @GordonGChang. A look at #PresidentTrump's #UN speech @Foxnews: https://t.co/9tI3SLatHA. I‚Ä¶",74
474,0.4588,2017-09-17 21:02:52+00:00,0.0,0.667,0.333,FoxNews,BREAKING: Tropical Storm Maria strengthens into hurricane,75
475,0.0,2017-09-17 21:00:17+00:00,0.0,1.0,0.0,FoxNews,"NEW SERIES: OBJECTified, hosted by @HarveyLevinTMZ, premieres tonight at 8p ET on Fox News Channel. The season kick‚Ä¶ https://t.co/GlTGbM7jwe",76
476,0.4019,2017-09-17 20:55:43+00:00,0.0,0.87,0.13,FoxNews,".@KimberlyEAtkins on Dems working with @POTUS: ""They are in the minority party. They can't really do anything witho‚Ä¶ https://t.co/TWsiYgMnCV",77
477,-0.4019,2017-09-17 20:54:23+00:00,0.162,0.838,0.0,FoxNews,".@KimberlyEAtkins on Dems working with @POTUS: ""Democrats don't have anything to lose here."" @ANHQDC https://t.co/0W7KoS8t98",78
478,0.4019,2017-09-17 20:51:59+00:00,0.0,0.87,0.13,FoxNews,"@KimberlyEAtkins on DACA: ""On this specific issue, there's major support on both sides of the aisle for that."" https://t.co/feTmuO10d2",79
479,0.2023,2017-09-17 20:51:32+00:00,0.0,0.899,0.101,FoxNews,"@KimberlyEAtkins on bipartisanship: ""Once we get to tax reform... people may retreat to their corners."" @ANHQDC https://t.co/mtRNIjmrbj",80
480,-0.4588,2017-09-17 20:35:49+00:00,0.25,0.75,0.0,FoxNews,4 American tourists attacked with acid in Marseille's train station https://t.co/VBaK4MsQFG,81
481,-0.4019,2017-09-17 20:33:32+00:00,0.225,0.662,0.113,FoxNews,Tropical Storm Maria becomes growing threat to Caribbean islands @ANHQDC  https://t.co/OkT3pXklPQ https://t.co/zUNPTdSD7q,82
482,0.1531,2017-09-17 20:32:01+00:00,0.158,0.598,0.245,FoxNews,Acquitted St. Louis officer Stockley speaks out: 'Feels like a burden has been lifted' https://t.co/jVBgSbDPPY,83
483,0.0,2017-09-17 20:06:44+00:00,0.0,1.0,0.0,FoxNews,H.R. McMaster on 'Rocket Man' Kim Jong-Un: Reminds Me of 'The Economist' Cover https://t.co/8oHdjc3yYQ,84
484,0.0,2017-09-17 20:04:43+00:00,0.0,1.0,0.0,FoxNews,Jamaica's Violet Brown dies at 117; Japan woman now oldest https://t.co/ywSbICbzzq,85
485,0.0,2017-09-17 19:50:52+00:00,0.0,1.0,0.0,FoxNews,.@realDonaldTrump retweets edited video of him hitting @HillaryClinton with golf ball https://t.co/4ob6DLpZwx,86
486,0.0,2017-09-17 19:39:23+00:00,0.0,1.0,0.0,FoxNews,RT @EricShawnTV: I anchor @FoxNews at 4 and 6 pm ET: @POTUS @realDonaldTrump's #UN speech. What to expect. Watch @AmbJohnBolton:  https://t‚Ä¶,87
487,-0.25,2017-09-17 19:25:11+00:00,0.163,0.714,0.123,FoxNews,Citizen-soldiers from the Puerto Rico National Guard depart for St. Thomas to provide disaster relief in the wake o‚Ä¶ https://t.co/Ia5Vw5zC7z,88
488,0.0,2017-09-17 19:22:35+00:00,0.0,1.0,0.0,FoxNews,Model goes from @ChipotleTweets to runway in 10 days after being discovered https://t.co/RHrlIbLeOj,89
489,0.0,2017-09-17 19:12:55+00:00,0.0,1.0,0.0,FoxNews,.@KellyannePolls: @POTUS Has Never Changed His Mind on Constructing the Wall https://t.co/fv3KqfoZCn,90
490,-0.4019,2017-09-17 19:11:00+00:00,0.26,0.611,0.13,FoxNews,Tropical Storm Maria becomes growing threat to Caribbean islands https://t.co/GY244Ed1j5,91
491,-0.2263,2017-09-17 19:05:42+00:00,0.112,0.888,0.0,FoxNews,NYC hospital hit with $2.5M lawsuit after allegedly faxing man's HIV diagnosis to his workplace https://t.co/Ix4YU1pSc0,92
492,0.0516,2017-09-17 18:56:43+00:00,0.0,0.893,0.107,FoxNews,".@KevinHart4real reveals alleged extortion attempt in apology to wife, kids https://t.co/XiLOE7adHw",93
493,-0.765,2017-09-17 18:41:05+00:00,0.375,0.625,0.0,FoxNews,.@HillaryClinton 'rejects premise' husband meeting AG Lynch on tarmac critically hurt campaign https://t.co/242piDdcQz,94
494,-0.6486,2017-09-17 18:30:00+00:00,0.323,0.677,0.0,FoxNews,Georgia Tech student shot dead by police on campus https://t.co/Alcr5jKmsw,95
495,-0.4019,2017-09-17 18:07:41+00:00,0.179,0.821,0.0,FoxNews,A parachutist representing the Navy SEALs missed the mark and crashed into a barrier at a @BYU football game. The p‚Ä¶ https://t.co/aD05Q93Nv0,96
496,-0.128,2017-09-17 18:03:03+00:00,0.196,0.635,0.169,FoxNews,'It' factor: California cops pose for viral photo inspired by horror film https://t.co/RY0CSXJvHZ https://t.co/oJXzwWUqQW,97
497,0.6114,2017-09-17 17:55:01+00:00,0.0,0.778,0.222,FoxNews,"Happy #ConstitutionDay! On this day in 1787, the Founding Fathers signed the U.S. Constitution. https://t.co/BQwTuQzhdt",98
498,0.7171,2017-09-17 17:46:37+00:00,0.0,0.77,0.23,FoxNews,They‚Äôre some of the most influential figures in the world. Get ready for a side of them you‚Äôve never seen! Watch OB‚Ä¶ https://t.co/yMCSJLgCh2,99
499,0.4939,2017-09-17 17:35:02+00:00,0.0,0.738,0.262,FoxNews,Sweden's 'man-free' music festival prompts response from transgender people https://t.co/9Xwa22CxzT,100
